--Nodes
  INSERT INTO Nodes (NodeID, X, Y, Z, SystemID, Description) VALUES (1,0,0,40,0,' ');
  INSERT INTO Nodes (NodeID, X, Y, Z, SystemID, Description) VALUES (2,5,0,40,0,' ');
  INSERT INTO Nodes (NodeID, X, Y, Z, SystemID, Description) VALUES (3,10,0,40,0,' ');
  INSERT INTO Nodes (NodeID, X, Y, Z, SystemID, Description) VALUES (4,15,0,40,0,' ');
  INSERT INTO Nodes (NodeID, X, Y, Z, SystemID, Description) VALUES (5,20,0,40,0,' ');
  INSERT INTO Nodes (NodeID, X, Y, Z, SystemID, Description) VALUES (6,25,0,40,0,' ');
  INSERT INTO Nodes (NodeID, X, Y, Z, SystemID, Description) VALUES (7,30,0,40,0,' ');
  INSERT INTO Nodes (NodeID, X, Y, Z, SystemID, Description) VALUES (8,35,0,40,0,' ');
  INSERT INTO Nodes (NodeID, X, Y, Z, SystemID, Description) VALUES (9,40,0,40,0,' ');
  INSERT INTO Nodes (NodeID, X, Y, Z, SystemID, Description) VALUES (10,45,0,40,0,' ');
  INSERT INTO Nodes (NodeID, X, Y, Z, SystemID, Description) VALUES (11,50,0,40,0,' ');
  INSERT INTO Nodes (NodeID, X, Y, Z, SystemID, Description) VALUES (12,55,0,40,0,' ');
  INSERT INTO Nodes (NodeID, X, Y, Z, SystemID, Description) VALUES (13,60,0,40,0,' ');
  INSERT INTO Nodes (NodeID, X, Y, Z, SystemID, Description) VALUES (14,65,0,40,0,' ');
  INSERT INTO Nodes (NodeID, X, Y, Z, SystemID, Description) VALUES (15,70,0,40,0,' ');
  INSERT INTO Nodes (NodeID, X, Y, Z, SystemID, Description) VALUES (16,75,0,40,0,' ');
  INSERT INTO Nodes (NodeID, X, Y, Z, SystemID, Description) VALUES (17,80,0,40,0,' ');
  INSERT INTO Nodes (NodeID, X, Y, Z, SystemID, Description) VALUES (18,85,0,40,0,' ');
  INSERT INTO Nodes (NodeID, X, Y, Z, SystemID, Description) VALUES (19,90,0,40,0,' ');
  INSERT INTO Nodes (NodeID, X, Y, Z, SystemID, Description) VALUES (20,95,0,40,0,' ');
  INSERT INTO Nodes (NodeID, X, Y, Z, SystemID, Description) VALUES (21,100,0,40,0,' ');
  INSERT INTO Nodes (NodeID, X, Y, Z, SystemID, Description) VALUES (22,105,0,40,0,' ');
  INSERT INTO Nodes (NodeID, X, Y, Z, SystemID, Description) VALUES (23,110,0,40,0,' ');
  INSERT INTO Nodes (NodeID, X, Y, Z, SystemID, Description) VALUES (24,115,0,40,0,' ');
  INSERT INTO Nodes (NodeID, X, Y, Z, SystemID, Description) VALUES (25,120,0,40,0,' ');
  INSERT INTO Nodes (NodeID, X, Y, Z, SystemID, Description) VALUES (26,125,0,40,0,' ');
  INSERT INTO Nodes (NodeID, X, Y, Z, SystemID, Description) VALUES (27,130,0,40,0,' ');
  INSERT INTO Nodes (NodeID, X, Y, Z, SystemID, Description) VALUES (28,135,0,40,0,' ');
  INSERT INTO Nodes (NodeID, X, Y, Z, SystemID, Description) VALUES (29,140,0,40,0,' ');
  INSERT INTO Nodes (NodeID, X, Y, Z, SystemID, Description) VALUES (30,145,0,40,0,' ');
  INSERT INTO Nodes (NodeID, X, Y, Z, SystemID, Description) VALUES (31,150,0,40,0,' ');
  INSERT INTO Nodes (NodeID, X, Y, Z, SystemID, Description) VALUES (32,155,0,40,0,' ');
  INSERT INTO Nodes (NodeID, X, Y, Z, SystemID, Description) VALUES (33,160,0,40,0,' ');
  INSERT INTO Nodes (NodeID, X, Y, Z, SystemID, Description) VALUES (34,165,0,40,0,' ');
  INSERT INTO Nodes (NodeID, X, Y, Z, SystemID, Description) VALUES (35,170,0,40,0,' ');
  INSERT INTO Nodes (NodeID, X, Y, Z, SystemID, Description) VALUES (36,175,0,40,0,' ');
  INSERT INTO Nodes (NodeID, X, Y, Z, SystemID, Description) VALUES (37,180,0,40,0,' ');
  INSERT INTO Nodes (NodeID, X, Y, Z, SystemID, Description) VALUES (38,185,0,40,0,' ');
  INSERT INTO Nodes (NodeID, X, Y, Z, SystemID, Description) VALUES (39,190,0,40,0,' ');
  INSERT INTO Nodes (NodeID, X, Y, Z, SystemID, Description) VALUES (40,195,0,40,0,' ');
  INSERT INTO Nodes (NodeID, X, Y, Z, SystemID, Description) VALUES (41,200,0,40,0,' ');
  INSERT INTO Nodes (NodeID, X, Y, Z, SystemID, Description) VALUES (101,50,0,0,0,' ');
  INSERT INTO Nodes (NodeID, X, Y, Z, SystemID, Description) VALUES (102,50,0,10,0,' ');
  INSERT INTO Nodes (NodeID, X, Y, Z, SystemID, Description) VALUES (103,50,0,20,0,' ');
  INSERT INTO Nodes (NodeID, X, Y, Z, SystemID, Description) VALUES (104,50,0,30,0,' ');
  INSERT INTO Nodes (NodeID, X, Y, Z, SystemID, Description) VALUES (201,150,0,0,0,' ');
  INSERT INTO Nodes (NodeID, X, Y, Z, SystemID, Description) VALUES (202,150,0,10,0,' ');
  INSERT INTO Nodes (NodeID, X, Y, Z, SystemID, Description) VALUES (203,150,0,20,0,' ');
  INSERT INTO Nodes (NodeID, X, Y, Z, SystemID, Description) VALUES (204,150,0,30,0,' ');
--Raw Data Storage
  --Transducers
    INSERT INTO Transducers VALUES (0, 'WSU 28[0]', -617910821);
    INSERT INTO Transducers VALUES (1, 'WSU 37[0]', -617017091);
    INSERT INTO Transducers VALUES (2, 'WSU 32[0]', -617166046);
    INSERT INTO Transducers VALUES (3, 'WSU 23[0]', -618059776);
    INSERT INTO Transducers VALUES (4, 'WSU 34[0]', -617106464);
    INSERT INTO Transducers VALUES (5, 'WSU 35[0]', -617076673);
    INSERT INTO Transducers VALUES (6, 'WSU 21[0]', -618119358);
    INSERT INTO Transducers VALUES (7, 'WSU 22[0]', -618089567);
  --Sensors
    INSERT INTO Sensors VALUES (0, 'WSU 28');
    INSERT INTO Sensors VALUES (1, 'WSU 37');
    INSERT INTO Sensors VALUES (2, 'WSU 32');
    INSERT INTO Sensors VALUES (3, 'WSU 23');
    INSERT INTO Sensors VALUES (4, 'WSU 34');
    INSERT INTO Sensors VALUES (5, 'WSU 35');
    INSERT INTO Sensors VALUES (6, 'WSU 21');
    INSERT INTO Sensors VALUES (7, 'WSU 22');
  --Experiments
    INSERT INTO Experiments VALUES (0, 200, 150, 30000);
    INSERT INTO Experiments VALUES (1, 200, 150, 30000);
    INSERT INTO Experiments VALUES (2, 200, 150, 30000);
    INSERT INTO Experiments VALUES (3, 200, 150, 30000);
    INSERT INTO Experiments VALUES (4, 50, 100, 5000);
    INSERT INTO Experiments VALUES (5, 500, 60, 30000);
    INSERT INTO Experiments VALUES (6, 200, 150, 30000);
    INSERT INTO Experiments VALUES (7, 200, 150, 30000);
    INSERT INTO Experiments VALUES (8, 50, 100, 5000);
    INSERT INTO Experiments VALUES (9, 50, 400, 20000);
    INSERT INTO Experiments VALUES (10, 200, 150, 30000);
    INSERT INTO Experiments VALUES (11, 200, 150, 30000);
    INSERT INTO Experiments VALUES (12, 200, 150, 30000);
    INSERT INTO Experiments VALUES (13, 200, 150, 30000);
    INSERT INTO Experiments VALUES (14, 50, 100, 5000);
    INSERT INTO Experiments VALUES (15, 500, 60, 30000);
    INSERT INTO Experiments VALUES (16, 200, 150, 30000);
    INSERT INTO Experiments VALUES (17, 200, 150, 30000);
    INSERT INTO Experiments VALUES (18, 200, 150, 30000);
    INSERT INTO Experiments VALUES (19, 200, 150, 30000);
    INSERT INTO Experiments VALUES (20, 200, 30, 6000);
    INSERT INTO Experiments VALUES (21, 200, 150, 30000);
    INSERT INTO Experiments VALUES (22, 200, 150, 30000);
    INSERT INTO Experiments VALUES (23, 200, 150, 30000);
    INSERT INTO Experiments VALUES (24, 50, 100, 5000);
    INSERT INTO Experiments VALUES (25, 200, 150, 30000);
    INSERT INTO Experiments VALUES (26, 200, 150, 30000);
    INSERT INTO Experiments VALUES (27, 50, 400, 20000);
  --Cycles
    INSERT INTO Cycles VALUES (0, '2008-09-24 07:43:28.0', 0);
    INSERT INTO Cycles VALUES (1, '2008-09-24 07:16:28.0', 1);
    INSERT INTO Cycles VALUES (2, '2008-09-24 07:53:04.0', 2);
    INSERT INTO Cycles VALUES (3, '2008-09-24 08:17:43.0', 3);
    INSERT INTO Cycles VALUES (4, '2008-09-24 08:41:41.0', 4);
    INSERT INTO Cycles VALUES (5, '2008-09-24 09:18:14.0', 5);
    INSERT INTO Cycles VALUES (6, '2008-09-24 07:32:22.0', 6);
    INSERT INTO Cycles VALUES (7, '2008-09-24 08:24:02.0', 7);
    INSERT INTO Cycles VALUES (8, '2008-09-24 08:28:50.0', 8);
    INSERT INTO Cycles VALUES (9, '2008-09-24 09:33:22.0', 9);
    INSERT INTO Cycles VALUES (10, '2008-09-24 07:34:43.0', 10);
    INSERT INTO Cycles VALUES (11, '2008-09-24 08:22:50.0', 11);
    INSERT INTO Cycles VALUES (12, '2008-09-24 08:18:52.0', 12);
    INSERT INTO Cycles VALUES (13, '2008-09-24 07:32:42.0', 13);
    INSERT INTO Cycles VALUES (14, '2008-09-24 09:04:34.0', 14);
    INSERT INTO Cycles VALUES (15, '2008-09-24 09:23:49.0', 15);
    INSERT INTO Cycles VALUES (16, '2008-09-24 08:07:34.0', 16);
    INSERT INTO Cycles VALUES (17, '2008-09-24 07:51:33.0', 17);
    INSERT INTO Cycles VALUES (18, '2008-09-24 07:57:18.0', 18);
    INSERT INTO Cycles VALUES (19, '2008-09-24 07:41:30.0', 19);
    INSERT INTO Cycles VALUES (20, '2008-09-24 07:00:02.0', 20);
    INSERT INTO Cycles VALUES (21, '2008-09-24 08:06:15.0', 21);
    INSERT INTO Cycles VALUES (22, '2008-09-24 08:15:28.0', 22);
    INSERT INTO Cycles VALUES (23, '2008-09-24 08:04:11.0', 23);
    INSERT INTO Cycles VALUES (24, '2008-09-24 08:52:05.0', 24);
    INSERT INTO Cycles VALUES (25, '2008-09-24 07:26:00.0', 25);
    INSERT INTO Cycles VALUES (26, '2008-09-24 07:55:42.0', 26);
    INSERT INTO Cycles VALUES (27, '2008-09-24 09:26:13.0', 27);
  --Structures
    INSERT INTO Structures VALUES (0, 'Compare 3', 'Wind Turbine');
    INSERT INTO Structures VALUES (1, 'Longer Test (new software)', 'Wind Turbine');
    INSERT INTO Structures VALUES (2, 'Recollect Compare 3', 'Wind Turbine');
    INSERT INTO Structures VALUES (3, 'Recollect Compare 5', 'Wind Turbine');
    INSERT INTO Structures VALUES (4, 'FDD 2, Wind Turbine');
    INSERT INTO Structures VALUES (5, '500 Hz', 'Wind Turbine');
    INSERT INTO Structures VALUES (6, 'Recollect Compare 1', 'Wind Turbine');
    INSERT INTO Structures VALUES (7, 'Recollect', 'Wind Turbine');
    INSERT INTO Structures VALUES (8, 'FDD 1', 'Wind Turbine');
    INSERT INTO Structures VALUES (9, 'Recollect', 'Wind Turbine');
    INSERT INTO Structures VALUES (10, 'Compare 2', 'Wind Turbine');
    INSERT INTO Structures VALUES (11, 'Recollect Compare 5', 'Wind Turbine');
    INSERT INTO Structures VALUES (12, 'Recollect Compare 5', 'Wind Turbine');
    INSERT INTO Structures VALUES (13, 'Recol', 'Wind Turbine');
    INSERT INTO Structures VALUES (14, 'FDD 4', 'Wind Turbine');
    INSERT INTO Structures VALUES (15, 'Recollect 500 Hz', 'Wind Turbine');
    INSERT INTO Structures VALUES (16, 'Compare 5, Wind Turbine');
    INSERT INTO Structures VALUES (17, 'Recollect Compare 3', 'Wind Turbine');
    INSERT INTO Structures VALUES (18, 'Compare 4, Wind Turbine');
    INSERT INTO Structures VALUES (19, 'Recollect Compare 2', 'Wind Turbine');
    INSERT INTO Structures VALUES (20, 'First Run, Wind Turbine');
    INSERT INTO Structures VALUES (21, 'Recollect Compare 4', 'Wind Turbine');
    INSERT INTO Structures VALUES (22, 'Recollect Compare 5', 'Wind Turbine');
    INSERT INTO Structures VALUES (23, 'Recollect', 'Wind Turbine');
    INSERT INTO Structures VALUES (24, 'FDD 3', 'Wind Turbine');
    INSERT INTO Structures VALUES (25, 'Compare 1', 'Wind Turbine');
    INSERT INTO Structures VALUES (26, 'Recollect Compare 3 (Software Change)', 'Wind Turbine');
    INSERT INTO Structures VALUES (27, '50 Hz', 'Wind Turbine');
  --SensorTimeData
    INSERT INTO SensorTimeData VALUES (0, 0, 0, '2008-09-24 07:43:28.0', 'ACTIVE', 1);
    INSERT INTO SensorTimeData VALUES (1, 0, 0, '2008-09-24 07:16:28.0', 'ACTIVE', 1);
    INSERT INTO SensorTimeData VALUES (2, 0, 0, '2008-09-24 07:53:04.0', 'ACTIVE', 1);
    INSERT INTO SensorTimeData VALUES (3, 0, 0, '2008-09-24 08:17:43.0', 'ACTIVE', 1);
    INSERT INTO SensorTimeData VALUES (5, 0, 0, '2008-09-24 09:18:14.0', 'ACTIVE', 1);
    INSERT INTO SensorTimeData VALUES (6, 0, 0, '2008-09-24 07:32:22.0', 'ACTIVE', 1);
    INSERT INTO SensorTimeData VALUES (7, 0, 0, '2008-09-24 08:24:02.0', 'ACTIVE', 1);
    INSERT INTO SensorTimeData VALUES (8, 0, 0, '2008-09-24 08:28:50.0', 'ACTIVE', 1);
    INSERT INTO SensorTimeData VALUES (9, 0, 0, '2008-09-24 09:33:22.0', 'ACTIVE', 1);
    INSERT INTO SensorTimeData VALUES (10, 0, 0, '2008-09-24 07:34:43.0', 'ACTIVE', 1);
    INSERT INTO SensorTimeData VALUES (11, 0, 0, '2008-09-24 08:22:50.0', 'ACTIVE', 1);
    INSERT INTO SensorTimeData VALUES (12, 0, 0, '2008-09-24 08:18:52.0', 'ACTIVE', 1);
    INSERT INTO SensorTimeData VALUES (13, 0, 0, '2008-09-24 07:32:42.0', 'ACTIVE', 1);
    INSERT INTO SensorTimeData VALUES (14, 0, 0, '2008-09-24 09:04:34.0', 'ACTIVE', 1);
    INSERT INTO SensorTimeData VALUES (15, 0, 0, '2008-09-24 09:23:49.0', 'ACTIVE', 1);
    INSERT INTO SensorTimeData VALUES (16, 0, 0, '2008-09-24 08:07:34.0', 'ACTIVE', 1);
    INSERT INTO SensorTimeData VALUES (17, 0, 0, '2008-09-24 07:51:33.0', 'ACTIVE', 1);
    INSERT INTO SensorTimeData VALUES (18, 0, 0, '2008-09-24 07:57:18.0', 'ACTIVE', 1);
    INSERT INTO SensorTimeData VALUES (19, 0, 0, '2008-09-24 07:41:30.0', 'ACTIVE', 1);
    INSERT INTO SensorTimeData VALUES (20, 0, 0, '2008-09-24 07:00:02.0', 'ACTIVE', 1);
    INSERT INTO SensorTimeData VALUES (21, 0, 0, '2008-09-24 08:06:15.0', 'ACTIVE', 1);
    INSERT INTO SensorTimeData VALUES (22, 0, 0, '2008-09-24 08:15:28.0', 'ACTIVE', 1);
    INSERT INTO SensorTimeData VALUES (23, 0, 0, '2008-09-24 08:04:11.0', 'ACTIVE', 1);
    INSERT INTO SensorTimeData VALUES (24, 0, 0, '2008-09-24 08:52:05.0', 'ACTIVE', 1);
    INSERT INTO SensorTimeData VALUES (25, 0, 0, '2008-09-24 07:26:00.0', 'ACTIVE', 1);
    INSERT INTO SensorTimeData VALUES (26, 0, 0, '2008-09-24 07:55:42.0', 'ACTIVE', 1);
    INSERT INTO SensorTimeData VALUES (27, 0, 0, '2008-09-24 09:26:13.0', 'ACTIVE', 1);
  --TransducerTimeData
    INSERT INTO TransducerTimeData VALUES (0, 0, 2, 2, 1, 0, 'NONE', '2008-09-24 07:43:28.0', 'ACTIVE');
    INSERT INTO TransducerTimeData VALUES (1, 1, 3, 2, 1, 0, 'NONE', '2008-09-24 07:43:28.0', 'ACTIVE');
    INSERT INTO TransducerTimeData VALUES (2, 2, 4, 2, 1, 0, 'NONE', '2008-09-24 07:43:28.0', 'ACTIVE');
    INSERT INTO TransducerTimeData VALUES (3, 3, 5, 2, 1, 0, 'NONE', '2008-09-24 07:43:28.0', 'ACTIVE');
    INSERT INTO TransducerTimeData VALUES (4, 4, 6, 2, 1, 0, 'NONE', '2008-09-24 07:43:28.0', 'ACTIVE');
    INSERT INTO TransducerTimeData VALUES (5, 5, 7, 2, 1, 0, 'NONE', '2008-09-24 07:43:28.0', 'ACTIVE');
    INSERT INTO TransducerTimeData VALUES (6, 6, 8, 2, 1, 0, 'NONE', '2008-09-24 07:43:28.0', 'ACTIVE');
    INSERT INTO TransducerTimeData VALUES (7, 7, 9, 2, 1, 0, 'NONE', '2008-09-24 07:43:28.0', 'ACTIVE');
    INSERT INTO TransducerTimeData VALUES (0, 0, 10, 2, 1, 0, 'NONE', '2008-09-24 07:16:28.0', 'ACTIVE');
    INSERT INTO TransducerTimeData VALUES (1, 1, 1, 2, 1, 0, 'NONE', '2008-09-24 07:16:28.0', 'ACTIVE');
    INSERT INTO TransducerTimeData VALUES (2, 2, 2, 2, 1, 0, 'NONE', '2008-09-24 07:16:28.0', 'ACTIVE');
    INSERT INTO TransducerTimeData VALUES (3, 3, 3, 2, 1, 0, 'NONE', '2008-09-24 07:16:28.0', 'ACTIVE');
    INSERT INTO TransducerTimeData VALUES (4, 4, 4, 2, 1, 0, 'NONE', '2008-09-24 07:16:28.0', 'ACTIVE');
    INSERT INTO TransducerTimeData VALUES (5, 5, 5, 2, 1, 0, 'NONE', '2008-09-24 07:16:28.0', 'ACTIVE');
    INSERT INTO TransducerTimeData VALUES (6, 6, 6, 2, 1, 0, 'NONE', '2008-09-24 07:16:28.0', 'ACTIVE');
    INSERT INTO TransducerTimeData VALUES (7, 7, 7, 2, 1, 0, 'NONE', '2008-09-24 07:16:28.0', 'ACTIVE');
    INSERT INTO TransducerTimeData VALUES (7, 7, 8, 2, 1, 0, 'NONE', '2008-09-24 07:53:04.0', 'ACTIVE');
    INSERT INTO TransducerTimeData VALUES (7, 7, 9, 2, 1, 0, 'NONE', '2008-09-24 08:17:43.0', 'ACTIVE');
    INSERT INTO TransducerTimeData VALUES (0, 0, 10, 2, 1, 0, 'NONE', '2008-09-24 08:41:41.0', 'ACTIVE');
    INSERT INTO TransducerTimeData VALUES (1, 1, 1, 2, 1, 0, 'NONE', '2008-09-24 08:41:41.0', 'ACTIVE');
    INSERT INTO TransducerTimeData VALUES (2, 2, 2, 2, 1, 0, 'NONE', '2008-09-24 08:41:41.0', 'ACTIVE');
    INSERT INTO TransducerTimeData VALUES (3, 3, 3, 2, 1, 0, 'NONE', '2008-09-24 08:41:41.0', 'ACTIVE');
    INSERT INTO TransducerTimeData VALUES (4, 4, 4, 2, 1, 0, 'NONE', '2008-09-24 08:41:41.0', 'ACTIVE');
    INSERT INTO TransducerTimeData VALUES (5, 5, 5, 2, 1, 0, 'NONE', '2008-09-24 08:41:41.0', 'ACTIVE');
    INSERT INTO TransducerTimeData VALUES (6, 6, 6, 2, 1, 0, 'NONE', '2008-09-24 08:41:41.0', 'ACTIVE');
    INSERT INTO TransducerTimeData VALUES (7, 7, 7, 2, 1, 0, 'NONE', '2008-09-24 08:41:41.0', 'ACTIVE');
    INSERT INTO TransducerTimeData VALUES (0, 0, 8, 2, 1, 0, 'NONE', '2008-09-24 09:18:14.0', 'ACTIVE');
    INSERT INTO TransducerTimeData VALUES (1, 1, 9, 2, 1, 0, 'NONE', '2008-09-24 09:18:14.0', 'ACTIVE');
    INSERT INTO TransducerTimeData VALUES (2, 2, 10, 2, 1, 0, 'NONE', '2008-09-24 09:18:14.0', 'ACTIVE');
    INSERT INTO TransducerTimeData VALUES (3, 3, 1, 2, 1, 0, 'NONE', '2008-09-24 09:18:14.0', 'ACTIVE');
    INSERT INTO TransducerTimeData VALUES (4, 4, 2, 2, 1, 0, 'NONE', '2008-09-24 09:18:14.0', 'ACTIVE');
    INSERT INTO TransducerTimeData VALUES (5, 5, 3, 2, 1, 0, 'NONE', '2008-09-24 09:18:14.0', 'ACTIVE');
    INSERT INTO TransducerTimeData VALUES (6, 6, 4, 2, 1, 0, 'NONE', '2008-09-24 09:18:14.0', 'ACTIVE');
    INSERT INTO TransducerTimeData VALUES (7, 7, 5, 2, 1, 0, 'NONE', '2008-09-24 09:18:14.0', 'ACTIVE');
    INSERT INTO TransducerTimeData VALUES (6, 6, 6, 2, 1, 0, 'NONE', '2008-09-24 07:32:22.0', 'ACTIVE');
    INSERT INTO TransducerTimeData VALUES (7, 7, 7, 2, 1, 0, 'NONE', '2008-09-24 07:32:22.0', 'ACTIVE');
    INSERT INTO TransducerTimeData VALUES (7, 7, 8, 2, 1, 0, 'NONE', '2008-09-24 08:24:02.0', 'ACTIVE');
    INSERT INTO TransducerTimeData VALUES (0, 0, 9, 2, 1, 0, 'NONE', '2008-09-24 08:28:50.0', 'ACTIVE');
    INSERT INTO TransducerTimeData VALUES (1, 1, 10, 2, 1, 0, 'NONE', '2008-09-24 08:28:50.0', 'ACTIVE');
    INSERT INTO TransducerTimeData VALUES (2, 2, 1, 2, 1, 0, 'NONE', '2008-09-24 08:28:50.0', 'ACTIVE');
    INSERT INTO TransducerTimeData VALUES (3, 3, 2, 2, 1, 0, 'NONE', '2008-09-24 08:28:50.0', 'ACTIVE');
    INSERT INTO TransducerTimeData VALUES (4, 4, 3, 2, 1, 0, 'NONE', '2008-09-24 08:28:50.0', 'ACTIVE');
    INSERT INTO TransducerTimeData VALUES (5, 5, 4, 2, 1, 0, 'NONE', '2008-09-24 08:28:50.0', 'ACTIVE');
    INSERT INTO TransducerTimeData VALUES (6, 6, 5, 2, 1, 0, 'NONE', '2008-09-24 08:28:50.0', 'ACTIVE');
    INSERT INTO TransducerTimeData VALUES (7, 7, 6, 2, 1, 0, 'NONE', '2008-09-24 08:28:50.0', 'ACTIVE');
    INSERT INTO TransducerTimeData VALUES (0, 0, 7, 2, 1, 0, 'NONE', '2008-09-24 09:33:22.0', 'ACTIVE');
    INSERT INTO TransducerTimeData VALUES (1, 1, 8, 2, 1, 0, 'NONE', '2008-09-24 09:33:22.0', 'ACTIVE');
    INSERT INTO TransducerTimeData VALUES (2, 2, 9, 2, 1, 0, 'NONE', '2008-09-24 09:33:22.0', 'ACTIVE');
    INSERT INTO TransducerTimeData VALUES (3, 3, 10, 2, 1, 0, 'NONE', '2008-09-24 09:33:22.0', 'ACTIVE');
    INSERT INTO TransducerTimeData VALUES (4, 4, 1, 2, 1, 0, 'NONE', '2008-09-24 09:33:22.0', 'ACTIVE');
    INSERT INTO TransducerTimeData VALUES (5, 5, 2, 2, 1, 0, 'NONE', '2008-09-24 09:33:22.0', 'ACTIVE');
    INSERT INTO TransducerTimeData VALUES (6, 6, 3, 2, 1, 0, 'NONE', '2008-09-24 09:33:22.0', 'ACTIVE');
    INSERT INTO TransducerTimeData VALUES (7, 7, 4, 2, 1, 0, 'NONE', '2008-09-24 09:33:22.0', 'ACTIVE');
    INSERT INTO TransducerTimeData VALUES (0, 0, 5, 2, 1, 0, 'NONE', '2008-09-24 07:34:43.0', 'ACTIVE');
    INSERT INTO TransducerTimeData VALUES (1, 1, 6, 2, 1, 0, 'NONE', '2008-09-24 07:34:43.0', 'ACTIVE');
    INSERT INTO TransducerTimeData VALUES (2, 2, 7, 2, 1, 0, 'NONE', '2008-09-24 07:34:43.0', 'ACTIVE');
    INSERT INTO TransducerTimeData VALUES (3, 3, 8, 2, 1, 0, 'NONE', '2008-09-24 07:34:43.0', 'ACTIVE');
    INSERT INTO TransducerTimeData VALUES (4, 4, 9, 2, 1, 0, 'NONE', '2008-09-24 07:34:43.0', 'ACTIVE');
    INSERT INTO TransducerTimeData VALUES (5, 5, 10, 2, 1, 0, 'NONE', '2008-09-24 07:34:43.0', 'ACTIVE');
    INSERT INTO TransducerTimeData VALUES (6, 6, 1, 2, 1, 0, 'NONE', '2008-09-24 07:34:43.0', 'ACTIVE');
    INSERT INTO TransducerTimeData VALUES (7, 7, 2, 2, 1, 0, 'NONE', '2008-09-24 07:34:43.0', 'ACTIVE');
    INSERT INTO TransducerTimeData VALUES (7, 7, 3, 2, 1, 0, 'NONE', '2008-09-24 08:22:50.0', 'ACTIVE');
    INSERT INTO TransducerTimeData VALUES (7, 7, 4, 2, 1, 0, 'NONE', '2008-09-24 08:18:52.0', 'ACTIVE');
    INSERT INTO TransducerTimeData VALUES (6, 6, 5, 2, 1, 0, 'NONE', '2008-09-24 07:32:42.0', 'ACTIVE');
    INSERT INTO TransducerTimeData VALUES (7, 7, 6, 2, 1, 0, 'NONE', '2008-09-24 07:32:42.0', 'ACTIVE');
    INSERT INTO TransducerTimeData VALUES (0, 0, 7, 2, 1, 0, 'NONE', '2008-09-24 09:04:34.0', 'ACTIVE');
    INSERT INTO TransducerTimeData VALUES (1, 1, 8, 2, 1, 0, 'NONE', '2008-09-24 09:04:34.0', 'ACTIVE');
    INSERT INTO TransducerTimeData VALUES (2, 2, 9, 2, 1, 0, 'NONE', '2008-09-24 09:04:34.0', 'ACTIVE');
    INSERT INTO TransducerTimeData VALUES (3, 3, 10, 2, 1, 0, 'NONE', '2008-09-24 09:04:34.0', 'ACTIVE');
    INSERT INTO TransducerTimeData VALUES (4, 4, 1, 2, 1, 0, 'NONE', '2008-09-24 09:04:34.0', 'ACTIVE');
    INSERT INTO TransducerTimeData VALUES (5, 5, 2, 2, 1, 0, 'NONE', '2008-09-24 09:04:34.0', 'ACTIVE');
    INSERT INTO TransducerTimeData VALUES (6, 6, 3, 2, 1, 0, 'NONE', '2008-09-24 09:04:34.0', 'ACTIVE');
    INSERT INTO TransducerTimeData VALUES (7, 7, 4, 2, 1, 0, 'NONE', '2008-09-24 09:04:34.0', 'ACTIVE');
    INSERT INTO TransducerTimeData VALUES (2, 2, 5, 2, 1, 0, 'NONE', '2008-09-24 09:23:49.0', 'ACTIVE');
    INSERT INTO TransducerTimeData VALUES (6, 6, 6, 2, 1, 0, 'NONE', '2008-09-24 09:23:49.0', 'ACTIVE');
    INSERT INTO TransducerTimeData VALUES (0, 0, 7, 2, 1, 0, 'NONE', '2008-09-24 08:07:34.0', 'ACTIVE');
    INSERT INTO TransducerTimeData VALUES (1, 1, 8, 2, 1, 0, 'NONE', '2008-09-24 08:07:34.0', 'ACTIVE');
    INSERT INTO TransducerTimeData VALUES (2, 2, 9, 2, 1, 0, 'NONE', '2008-09-24 08:07:34.0', 'ACTIVE');
    INSERT INTO TransducerTimeData VALUES (3, 3, 10, 2, 1, 0, 'NONE', '2008-09-24 08:07:34.0', 'ACTIVE');
    INSERT INTO TransducerTimeData VALUES (4, 4, 1, 2, 1, 0, 'NONE', '2008-09-24 08:07:34.0', 'ACTIVE');
    INSERT INTO TransducerTimeData VALUES (5, 5, 2, 2, 1, 0, 'NONE', '2008-09-24 08:07:34.0', 'ACTIVE');
    INSERT INTO TransducerTimeData VALUES (6, 6, 3, 2, 1, 0, 'NONE', '2008-09-24 08:07:34.0', 'ACTIVE');
    INSERT INTO TransducerTimeData VALUES (7, 7, 4, 2, 1, 0, 'NONE', '2008-09-24 08:07:34.0', 'ACTIVE');
    INSERT INTO TransducerTimeData VALUES (7, 7, 5, 2, 1, 0, 'NONE', '2008-09-24 07:51:33.0', 'ACTIVE');
    INSERT INTO TransducerTimeData VALUES (0, 0, 6, 2, 1, 0, 'NONE', '2008-09-24 07:57:18.0', 'ACTIVE');
    INSERT INTO TransducerTimeData VALUES (1, 1, 7, 2, 1, 0, 'NONE', '2008-09-24 07:57:18.0', 'ACTIVE');
    INSERT INTO TransducerTimeData VALUES (2, 2, 8, 2, 1, 0, 'NONE', '2008-09-24 07:57:18.0', 'ACTIVE');
    INSERT INTO TransducerTimeData VALUES (3, 3, 9, 2, 1, 0, 'NONE', '2008-09-24 07:57:18.0', 'ACTIVE');
    INSERT INTO TransducerTimeData VALUES (4, 4, 10, 2, 1, 0, 'NONE', '2008-09-24 07:57:18.0', 'ACTIVE');
    INSERT INTO TransducerTimeData VALUES (5, 5, 1, 2, 1, 0, 'NONE', '2008-09-24 07:57:18.0', 'ACTIVE');
    INSERT INTO TransducerTimeData VALUES (6, 6, 2, 2, 1, 0, 'NONE', '2008-09-24 07:57:18.0', 'ACTIVE');
    INSERT INTO TransducerTimeData VALUES (7, 7, 3, 2, 1, 0, 'NONE', '2008-09-24 07:57:18.0', 'ACTIVE');
    INSERT INTO TransducerTimeData VALUES (6, 6, 4, 2, 1, 0, 'NONE', '2008-09-24 07:41:30.0', 'ACTIVE');
    INSERT INTO TransducerTimeData VALUES (7, 7, 5, 2, 1, 0, 'NONE', '2008-09-24 07:41:30.0', 'ACTIVE');
    INSERT INTO TransducerTimeData VALUES (0, 0, 6, 2, 1, 0, 'NONE', '2008-09-24 07:00:02.0', 'ACTIVE');
    INSERT INTO TransducerTimeData VALUES (1, 1, 7, 2, 1, 0, 'NONE', '2008-09-24 07:00:02.0', 'ACTIVE');
    INSERT INTO TransducerTimeData VALUES (2, 2, 8, 2, 1, 0, 'NONE', '2008-09-24 07:00:02.0', 'ACTIVE');
    INSERT INTO TransducerTimeData VALUES (3, 3, 9, 2, 1, 0, 'NONE', '2008-09-24 07:00:02.0', 'ACTIVE');
    INSERT INTO TransducerTimeData VALUES (4, 4, 10, 2, 1, 0, 'NONE', '2008-09-24 07:00:02.0', 'ACTIVE');
    INSERT INTO TransducerTimeData VALUES (5, 5, 1, 2, 1, 0, 'NONE', '2008-09-24 07:00:02.0', 'ACTIVE');
    INSERT INTO TransducerTimeData VALUES (6, 6, 2, 2, 1, 0, 'NONE', '2008-09-24 07:00:02.0', 'ACTIVE');
    INSERT INTO TransducerTimeData VALUES (7, 7, 3, 2, 1, 0, 'NONE', '2008-09-24 07:00:02.0', 'ACTIVE');
    INSERT INTO TransducerTimeData VALUES (5, 5, 4, 2, 1, 0, 'NONE', '2008-09-24 08:06:15.0', 'ACTIVE');
    INSERT INTO TransducerTimeData VALUES (2, 2, 5, 2, 1, 0, 'NONE', '2008-09-24 08:15:28.0', 'ACTIVE');
    INSERT INTO TransducerTimeData VALUES (4, 4, 6, 2, 1, 0, 'NONE', '2008-09-24 08:15:28.0', 'ACTIVE');
    INSERT INTO TransducerTimeData VALUES (7, 7, 7, 2, 1, 0, 'NONE', '2008-09-24 08:15:28.0', 'ACTIVE');
    INSERT INTO TransducerTimeData VALUES (5, 5, 8, 2, 1, 0, 'NONE', '2008-09-24 08:04:11.0', 'ACTIVE');
    INSERT INTO TransducerTimeData VALUES (6, 6, 9, 2, 1, 0, 'NONE', '2008-09-24 08:04:11.0', 'ACTIVE');
    INSERT INTO TransducerTimeData VALUES (0, 0, 10, 2, 1, 0, 'NONE', '2008-09-24 08:52:05.0', 'ACTIVE');
    INSERT INTO TransducerTimeData VALUES (1, 1, 1, 2, 1, 0, 'NONE', '2008-09-24 08:52:05.0', 'ACTIVE');
    INSERT INTO TransducerTimeData VALUES (2, 2, 2, 2, 1, 0, 'NONE', '2008-09-24 08:52:05.0', 'ACTIVE');
    INSERT INTO TransducerTimeData VALUES (3, 3, 3, 2, 1, 0, 'NONE', '2008-09-24 08:52:05.0', 'ACTIVE');
    INSERT INTO TransducerTimeData VALUES (4, 4, 4, 2, 1, 0, 'NONE', '2008-09-24 08:52:05.0', 'ACTIVE');
    INSERT INTO TransducerTimeData VALUES (5, 5, 5, 2, 1, 0, 'NONE', '2008-09-24 08:52:05.0', 'ACTIVE');
    INSERT INTO TransducerTimeData VALUES (6, 6, 6, 2, 1, 0, 'NONE', '2008-09-24 08:52:05.0', 'ACTIVE');
    INSERT INTO TransducerTimeData VALUES (7, 7, 7, 2, 1, 0, 'NONE', '2008-09-24 08:52:05.0', 'ACTIVE');
    INSERT INTO TransducerTimeData VALUES (0, 0, 8, 2, 1, 0, 'NONE', '2008-09-24 07:26:00.0', 'ACTIVE');
    INSERT INTO TransducerTimeData VALUES (1, 1, 9, 2, 1, 0, 'NONE', '2008-09-24 07:26:00.0', 'ACTIVE');
    INSERT INTO TransducerTimeData VALUES (2, 2, 10, 2, 1, 0, 'NONE', '2008-09-24 07:26:00.0', 'ACTIVE');
    INSERT INTO TransducerTimeData VALUES (3, 3, 1, 2, 1, 0, 'NONE', '2008-09-24 07:26:00.0', 'ACTIVE');
    INSERT INTO TransducerTimeData VALUES (4, 4, 2, 2, 1, 0, 'NONE', '2008-09-24 07:26:00.0', 'ACTIVE');
    INSERT INTO TransducerTimeData VALUES (5, 5, 3, 2, 1, 0, 'NONE', '2008-09-24 07:26:00.0', 'ACTIVE');
    INSERT INTO TransducerTimeData VALUES (6, 6, 4, 2, 1, 0, 'NONE', '2008-09-24 07:26:00.0', 'ACTIVE');
    INSERT INTO TransducerTimeData VALUES (7, 7, 5, 2, 1, 0, 'NONE', '2008-09-24 07:26:00.0', 'ACTIVE');
    INSERT INTO TransducerTimeData VALUES (7, 7, 6, 2, 1, 0, 'NONE', '2008-09-24 07:55:42.0', 'ACTIVE');
    INSERT INTO TransducerTimeData VALUES (0, 0, 7, 2, 1, 0, 'NONE', '2008-09-24 09:26:13.0', 'ACTIVE');
    INSERT INTO TransducerTimeData VALUES (1, 1, 8, 2, 1, 0, 'NONE', '2008-09-24 09:26:13.0', 'ACTIVE');
    INSERT INTO TransducerTimeData VALUES (2, 2, 9, 2, 1, 0, 'NONE', '2008-09-24 09:26:13.0', 'ACTIVE');
    INSERT INTO TransducerTimeData VALUES (3, 3, 10, 2, 1, 0, 'NONE', '2008-09-24 09:26:13.0', 'ACTIVE');
    INSERT INTO TransducerTimeData VALUES (4, 4, 1, 2, 1, 0, 'NONE', '2008-09-24 09:26:13.0', 'ACTIVE');
    INSERT INTO TransducerTimeData VALUES (5, 5, 2, 2, 1, 0, 'NONE', '2008-09-24 09:26:13.0', 'ACTIVE');
    INSERT INTO TransducerTimeData VALUES (6, 6, 3, 2, 1, 0, 'NONE', '2008-09-24 09:26:13.0', 'ACTIVE');
    INSERT INTO TransducerTimeData VALUES (7, 7, 4, 2, 1, 0, 'NONE', '2008-09-24 09:26:13.0', 'ACTIVE');
  --ExperimentStructureData
    INSERT INTO ExperimentStructureData VALUES (0, 0, '2008-09-24 07:43:28.0', 'null');
    INSERT INTO ExperimentStructureData VALUES (1, 1, '2008-09-24 07:16:28.0', 'null');
    INSERT INTO ExperimentStructureData VALUES (2, 2, '2008-09-24 07:53:04.0', 'null');
    INSERT INTO ExperimentStructureData VALUES (3, 3, '2008-09-24 08:17:43.0', 'null');
    INSERT INTO ExperimentStructureData VALUES (4, 4, '2008-09-24 08:41:41.0', 'null');
    INSERT INTO ExperimentStructureData VALUES (5, 5, '2008-09-24 09:18:14.0', 'null');
    INSERT INTO ExperimentStructureData VALUES (6, 6, '2008-09-24 07:32:22.0', 'null');
    INSERT INTO ExperimentStructureData VALUES (7, 7, '2008-09-24 08:24:02.0', 'null');
    INSERT INTO ExperimentStructureData VALUES (8, 8, '2008-09-24 08:28:50.0', 'null');
    INSERT INTO ExperimentStructureData VALUES (9, 9, '2008-09-24 09:33:22.0', 'null');
    INSERT INTO ExperimentStructureData VALUES (10, 10, '2008-09-24 07:34:43.0', 'null');
    INSERT INTO ExperimentStructureData VALUES (11, 11, '2008-09-24 08:22:50.0', 'null');
    INSERT INTO ExperimentStructureData VALUES (12, 12, '2008-09-24 08:18:52.0', 'null');
    INSERT INTO ExperimentStructureData VALUES (13, 13, '2008-09-24 07:32:42.0', 'null');
    INSERT INTO ExperimentStructureData VALUES (14, 14, '2008-09-24 09:04:34.0', 'null');
    INSERT INTO ExperimentStructureData VALUES (15, 15, '2008-09-24 09:23:49.0', 'null');
    INSERT INTO ExperimentStructureData VALUES (16, 16, '2008-09-24 08:07:34.0', 'null');
    INSERT INTO ExperimentStructureData VALUES (17, 17, '2008-09-24 07:51:33.0', 'null');
    INSERT INTO ExperimentStructureData VALUES (18, 18, '2008-09-24 07:57:18.0', 'null');
    INSERT INTO ExperimentStructureData VALUES (19, 19, '2008-09-24 07:41:30.0', 'null');
    INSERT INTO ExperimentStructureData VALUES (20, 20, '2008-09-24 07:00:02.0', 'null');
    INSERT INTO ExperimentStructureData VALUES (21, 21, '2008-09-24 08:06:15.0', 'null');
    INSERT INTO ExperimentStructureData VALUES (22, 22, '2008-09-24 08:15:28.0', 'null');
    INSERT INTO ExperimentStructureData VALUES (23, 23, '2008-09-24 08:04:11.0', 'null');
    INSERT INTO ExperimentStructureData VALUES (24, 24, '2008-09-24 08:52:05.0', 'null');
    INSERT INTO ExperimentStructureData VALUES (25, 25, '2008-09-24 07:26:00.0', 'null');
    INSERT INTO ExperimentStructureData VALUES (26, 26, '2008-09-24 07:55:42.0', 'null');
    INSERT INTO ExperimentStructureData VALUES (27, 27, '2008-09-24 09:26:13.0', 'null');
  --TransducerCycleData
    INSERT INTO TransducerCycleData VALUES (0, 0, 1);
    INSERT INTO TransducerCycleData VALUES (1, 0, 1);
    INSERT INTO TransducerCycleData VALUES (2, 0, 1);
    INSERT INTO TransducerCycleData VALUES (3, 0, 1);
    INSERT INTO TransducerCycleData VALUES (4, 0, 1);
    INSERT INTO TransducerCycleData VALUES (5, 0, 1);
    INSERT INTO TransducerCycleData VALUES (6, 0, 1);
    INSERT INTO TransducerCycleData VALUES (7, 0, 1);
    INSERT INTO TransducerCycleData VALUES (0, 1, 1);
    INSERT INTO TransducerCycleData VALUES (1, 1, 1);
    INSERT INTO TransducerCycleData VALUES (2, 1, 1);
    INSERT INTO TransducerCycleData VALUES (3, 1, 1);
    INSERT INTO TransducerCycleData VALUES (4, 1, 1);
    INSERT INTO TransducerCycleData VALUES (5, 1, 1);
    INSERT INTO TransducerCycleData VALUES (6, 1, 1);
    INSERT INTO TransducerCycleData VALUES (7, 1, 1);
    INSERT INTO TransducerCycleData VALUES (7, 2, 1);
    INSERT INTO TransducerCycleData VALUES (7, 3, 1);
    INSERT INTO TransducerCycleData VALUES (0, 4, 1);
    INSERT INTO TransducerCycleData VALUES (1, 4, 1);
    INSERT INTO TransducerCycleData VALUES (2, 4, 1);
    INSERT INTO TransducerCycleData VALUES (3, 4, 1);
    INSERT INTO TransducerCycleData VALUES (4, 4, 1);
    INSERT INTO TransducerCycleData VALUES (5, 4, 1);
    INSERT INTO TransducerCycleData VALUES (6, 4, 1);
    INSERT INTO TransducerCycleData VALUES (7, 4, 1);
    INSERT INTO TransducerCycleData VALUES (0, 5, 1);
    INSERT INTO TransducerCycleData VALUES (1, 5, 1);
    INSERT INTO TransducerCycleData VALUES (2, 5, 1);
    INSERT INTO TransducerCycleData VALUES (3, 5, 1);
    INSERT INTO TransducerCycleData VALUES (4, 5, 1);
    INSERT INTO TransducerCycleData VALUES (5, 5, 1);
    INSERT INTO TransducerCycleData VALUES (6, 5, 1);
    INSERT INTO TransducerCycleData VALUES (7, 5, 1);
    INSERT INTO TransducerCycleData VALUES (6, 6, 1);
    INSERT INTO TransducerCycleData VALUES (7, 6, 1);
    INSERT INTO TransducerCycleData VALUES (7, 7, 1);
    INSERT INTO TransducerCycleData VALUES (0, 8, 1);
    INSERT INTO TransducerCycleData VALUES (1, 8, 1);
    INSERT INTO TransducerCycleData VALUES (2, 8, 1);
    INSERT INTO TransducerCycleData VALUES (3, 8, 1);
    INSERT INTO TransducerCycleData VALUES (4, 8, 1);
    INSERT INTO TransducerCycleData VALUES (5, 8, 1);
    INSERT INTO TransducerCycleData VALUES (6, 8, 1);
    INSERT INTO TransducerCycleData VALUES (7, 8, 1);
    INSERT INTO TransducerCycleData VALUES (0, 9, 1);
    INSERT INTO TransducerCycleData VALUES (1, 9, 1);
    INSERT INTO TransducerCycleData VALUES (2, 9, 1);
    INSERT INTO TransducerCycleData VALUES (3, 9, 1);
    INSERT INTO TransducerCycleData VALUES (4, 9, 1);
    INSERT INTO TransducerCycleData VALUES (5, 9, 1);
    INSERT INTO TransducerCycleData VALUES (6, 9, 1);
    INSERT INTO TransducerCycleData VALUES (7, 9, 1);
    INSERT INTO TransducerCycleData VALUES (0, 10, 1);
    INSERT INTO TransducerCycleData VALUES (1, 10, 1);
    INSERT INTO TransducerCycleData VALUES (2, 10, 1);
    INSERT INTO TransducerCycleData VALUES (3, 10, 1);
    INSERT INTO TransducerCycleData VALUES (4, 10, 1);
    INSERT INTO TransducerCycleData VALUES (5, 10, 1);
    INSERT INTO TransducerCycleData VALUES (6, 10, 1);
    INSERT INTO TransducerCycleData VALUES (7, 10, 1);
    INSERT INTO TransducerCycleData VALUES (7, 11, 1);
    INSERT INTO TransducerCycleData VALUES (7, 12, 1);
    INSERT INTO TransducerCycleData VALUES (6, 13, 1);
    INSERT INTO TransducerCycleData VALUES (7, 13, 1);
    INSERT INTO TransducerCycleData VALUES (0, 14, 1);
    INSERT INTO TransducerCycleData VALUES (1, 14, 1);
    INSERT INTO TransducerCycleData VALUES (2, 14, 1);
    INSERT INTO TransducerCycleData VALUES (3, 14, 1);
    INSERT INTO TransducerCycleData VALUES (4, 14, 1);
    INSERT INTO TransducerCycleData VALUES (5, 14, 1);
    INSERT INTO TransducerCycleData VALUES (6, 14, 1);
    INSERT INTO TransducerCycleData VALUES (7, 14, 1);
    INSERT INTO TransducerCycleData VALUES (2, 15, 1);
    INSERT INTO TransducerCycleData VALUES (6, 15, 1);
    INSERT INTO TransducerCycleData VALUES (0, 16, 1);
    INSERT INTO TransducerCycleData VALUES (1, 16, 1);
    INSERT INTO TransducerCycleData VALUES (2, 16, 1);
    INSERT INTO TransducerCycleData VALUES (3, 16, 1);
    INSERT INTO TransducerCycleData VALUES (4, 16, 1);
    INSERT INTO TransducerCycleData VALUES (5, 16, 1);
    INSERT INTO TransducerCycleData VALUES (6, 16, 1);
    INSERT INTO TransducerCycleData VALUES (7, 16, 1);
    INSERT INTO TransducerCycleData VALUES (7, 17, 1);
    INSERT INTO TransducerCycleData VALUES (0, 18, 1);
    INSERT INTO TransducerCycleData VALUES (1, 18, 1);
    INSERT INTO TransducerCycleData VALUES (2, 18, 1);
    INSERT INTO TransducerCycleData VALUES (3, 18, 1);
    INSERT INTO TransducerCycleData VALUES (4, 18, 1);
    INSERT INTO TransducerCycleData VALUES (5, 18, 1);
    INSERT INTO TransducerCycleData VALUES (6, 18, 1);
    INSERT INTO TransducerCycleData VALUES (7, 18, 1);
    INSERT INTO TransducerCycleData VALUES (6, 19, 1);
    INSERT INTO TransducerCycleData VALUES (7, 19, 1);
    INSERT INTO TransducerCycleData VALUES (0, 20, 1);
    INSERT INTO TransducerCycleData VALUES (1, 20, 1);
    INSERT INTO TransducerCycleData VALUES (2, 20, 1);
    INSERT INTO TransducerCycleData VALUES (3, 20, 1);
    INSERT INTO TransducerCycleData VALUES (4, 20, 1);
    INSERT INTO TransducerCycleData VALUES (5, 20, 1);
    INSERT INTO TransducerCycleData VALUES (6, 20, 1);
    INSERT INTO TransducerCycleData VALUES (7, 20, 1);
    INSERT INTO TransducerCycleData VALUES (5, 21, 1);
    INSERT INTO TransducerCycleData VALUES (2, 22, 1);
    INSERT INTO TransducerCycleData VALUES (4, 22, 1);
    INSERT INTO TransducerCycleData VALUES (7, 22, 1);
    INSERT INTO TransducerCycleData VALUES (5, 23, 1);
    INSERT INTO TransducerCycleData VALUES (6, 23, 1);
    INSERT INTO TransducerCycleData VALUES (0, 24, 1);
    INSERT INTO TransducerCycleData VALUES (1, 24, 1);
    INSERT INTO TransducerCycleData VALUES (2, 24, 1);
    INSERT INTO TransducerCycleData VALUES (3, 24, 1);
    INSERT INTO TransducerCycleData VALUES (4, 24, 1);
    INSERT INTO TransducerCycleData VALUES (5, 24, 1);
    INSERT INTO TransducerCycleData VALUES (6, 24, 1);
    INSERT INTO TransducerCycleData VALUES (7, 24, 1);
    INSERT INTO TransducerCycleData VALUES (0, 25, 1);
    INSERT INTO TransducerCycleData VALUES (1, 25, 1);
    INSERT INTO TransducerCycleData VALUES (2, 25, 1);
    INSERT INTO TransducerCycleData VALUES (3, 25, 1);
    INSERT INTO TransducerCycleData VALUES (4, 25, 1);
    INSERT INTO TransducerCycleData VALUES (5, 25, 1);
    INSERT INTO TransducerCycleData VALUES (6, 25, 1);
    INSERT INTO TransducerCycleData VALUES (7, 25, 1);
    INSERT INTO TransducerCycleData VALUES (7, 26, 1);
    INSERT INTO TransducerCycleData VALUES (0, 27, 1);
    INSERT INTO TransducerCycleData VALUES (1, 27, 1);
    INSERT INTO TransducerCycleData VALUES (2, 27, 1);
    INSERT INTO TransducerCycleData VALUES (3, 27, 1);
    INSERT INTO TransducerCycleData VALUES (4, 27, 1);
    INSERT INTO TransducerCycleData VALUES (5, 27, 1);
    INSERT INTO TransducerCycleData VALUES (6, 27, 1);
    INSERT INTO TransducerCycleData VALUES (7, 27, 1);
--GroupTypes
  INSERT INTO GroupTypes (GroupType, Description) VALUES ('BEAM',' ');
  INSERT INTO GroupTypes (GroupType, Description) VALUES ('GENERAL',' ');
  INSERT INTO GroupTypes (GroupType, Description) VALUES ('ISOBEAM',' ');
  INSERT INTO GroupTypes (GroupType, Description) VALUES ('PLATE',' ');
  INSERT INTO GroupTypes (GroupType, Description) VALUES ('SHELL',' ');
  INSERT INTO GroupTypes (GroupType, Description) VALUES ('SPRING',' ');
  INSERT INTO GroupTypes (GroupType, Description) VALUES ('THREEDSOLID',' ');
  INSERT INTO GroupTypes (GroupType, Description) VALUES ('TRUSS',' ');
  INSERT INTO GroupTypes (GroupType, Description) VALUES ('TWODSOLID',' ');
--MaterialTypes
  INSERT INTO MaterialTypes (MaterialType, Description) VALUES ('ELASTIC',' ');
  INSERT INTO MaterialTypes (MaterialType, Description) VALUES ('NONLINEAR-ELASTIC',' ');
  INSERT INTO MaterialTypes (MaterialType, Description) VALUES ('ORTHOTROPIC',' ');
  INSERT INTO MaterialTypes (MaterialType, Description) VALUES ('PLASTIC-BILINEAR',' ');
  INSERT INTO MaterialTypes (MaterialType, Description) VALUES ('PLASTIC-MULTILINEAR',' ');
  INSERT INTO MaterialTypes (MaterialType, Description) VALUES ('THERMO-ISOTROPIC',' ');
  INSERT INTO MaterialTypes (MaterialType, Description) VALUES ('THERMO-ORTHOTROPIC',' ');
--GroundMotionRecord
  INSERT INTO GroundMotionRecord (GMRecordID, GMRecordName, Description) VALUES (1,'PS & E ','PS & E');
--TimeFunctions
  INSERT INTO TimeFunctions (TimeFunctionID, Description) VALUES (1,' ');
  INSERT INTO TimeFunctions (TimeFunctionID, Description) VALUES (101,' ');
--TimeFunctionData
  INSERT INTO TimeFunctionData (GMRecordID, TimeFunctionID, DataTime, TimeValue) VALUES (1,1,'2004-10-19 10:23:00',1);
  INSERT INTO TimeFunctionData (GMRecordID, TimeFunctionID, DataTime, TimeValue) VALUES (1,1,'2005-10-19 10:23:00',1);
  INSERT INTO TimeFunctionData (GMRecordID, TimeFunctionID, DataTime, TimeValue) VALUES (1,101,'2004-10-19 10:23:00',0);
  INSERT INTO TimeFunctionData (GMRecordID, TimeFunctionID, DataTime, TimeValue) VALUES (1,101,'2004-10-19 10:23:00.001',100000);
  INSERT INTO TimeFunctionData (GMRecordID, TimeFunctionID, DataTime, TimeValue) VALUES (1,101,'2004-10-19 10:23:00.002',0);
  INSERT INTO TimeFunctionData (GMRecordID, TimeFunctionID, DataTime, TimeValue) VALUES (1,101,'2004-10-19 10:23:02.000',0);
--Materials
  INSERT INTO Materials VALUES (1, 'ELASTIC', ' ');
  INSERT INTO Materials VALUES (2, 'ELASTIC', ' ');
--ElasticMaterials
  INSERT INTO ElasticMaterials (MaterialID, E, NU, Density, ALPHA) VALUES (1,346702.6927,0.17,0.003573088615,0);
  INSERT INTO ElasticMaterials (MaterialID, E, NU, Density, ALPHA) VALUES (2,580393.246,0.17,0.004660550367,0);
--SectionProp
  INSERT INTO SectionTypes VALUES('PROPERTIES', '');
  INSERT INTO CrossSections VALUES (1, 'PROPERTIES', '');
  INSERT INTO CrossSections VALUES (2, 'PROPERTIES', '');
  INSERT INTO SectionProp (SectionID, Rinertia, Sinertia, Tinertia, Area, Sarea, Tarea) VALUES (1,15,81859.32,908.35,146.94,122.45,122.45);
  INSERT INTO SectionProp (SectionID, Rinertia, Sinertia, Tinertia, Area, Sarea, Tarea) VALUES (2,1671.16,567,1213.26,98,80,80);
--Boundaries
  INSERT INTO Boundaries (NodeID, Ux, Uy, Uz, Rx, Ry, Rz, Phi, Ovalization, Warping) VALUES (1,'FREE','FIXED','FIXED','FIXED','FREE','FIXED','FIXED','FIXED','FIXED');
  INSERT INTO Boundaries (NodeID, Ux, Uy, Uz, Rx, Ry, Rz, Phi, Ovalization, Warping) VALUES (41,'FREE','FIXED','FIXED','FIXED','FREE','FIXED','FIXED','FIXED','FIXED');
  INSERT INTO Boundaries (NodeID, Ux, Uy, Uz, Rx, Ry, Rz, Phi, Ovalization, Warping) VALUES (101,'FIXED','FIXED','FIXED','FIXED','FIXED','FIXED','FIXED','FIXED','FIXED');
  INSERT INTO Boundaries (NodeID, Ux, Uy, Uz, Rx, Ry, Rz, Phi, Ovalization, Warping) VALUES (201,'FIXED','FIXED','FIXED','FIXED','FIXED','FIXED','FIXED','FIXED','FIXED');
--Groups
  INSERT INTO Groups (GroupLocalID, StructureID, Description) VALUES (101, 1, ' ');
--BeamGroups
  INSERT INTO BeamGroups (GroupLocalID, Displacement, MaterialID, SectionID, RINT, SINT, TINT, Result, IniStrain, REtype, MC, MCrigidity, REmultiplyer) VALUES (101,'default',1,1,5,0,0,'forces','none','absolute','no',1,1000000);
--Beams
  INSERT INTO Beams (GroupLocalID, ElementLocalID, AUX, N1, N2, MaterialID, SectionID, EndRelease, Save, TBirth, TDeath, Epsin, IRigidEnd, JRigidEnd, Subdivision, Description) VALUES (101,1,101,1,2,1,1,0,'default',NULL,NULL,0,0,0,1,' ');
  INSERT INTO Beams (GroupLocalID, ElementLocalID, AUX, N1, N2, MaterialID, SectionID, EndRelease, Save, TBirth, TDeath, Epsin, IRigidEnd, JRigidEnd, Subdivision, Description) VALUES (101,2,101,2,3,1,1,0,'default',NULL,NULL,0,0,0,1,' ');
  INSERT INTO Beams (GroupLocalID, ElementLocalID, AUX, N1, N2, MaterialID, SectionID, EndRelease, Save, TBirth, TDeath, Epsin, IRigidEnd, JRigidEnd, Subdivision, Description) VALUES (101,3,101,3,4,1,1,0,'default',NULL,NULL,0,0,0,1,' ');
  INSERT INTO Beams (GroupLocalID, ElementLocalID, AUX, N1, N2, MaterialID, SectionID, EndRelease, Save, TBirth, TDeath, Epsin, IRigidEnd, JRigidEnd, Subdivision, Description) VALUES (101,4,101,4,5,1,1,0,'default',NULL,NULL,0,0,0,1,' ');
  INSERT INTO Beams (GroupLocalID, ElementLocalID, AUX, N1, N2, MaterialID, SectionID, EndRelease, Save, TBirth, TDeath, Epsin, IRigidEnd, JRigidEnd, Subdivision, Description) VALUES (101,5,101,5,6,1,1,0,'default',NULL,NULL,0,0,0,1,' ');
  INSERT INTO Beams (GroupLocalID, ElementLocalID, AUX, N1, N2, MaterialID, SectionID, EndRelease, Save, TBirth, TDeath, Epsin, IRigidEnd, JRigidEnd, Subdivision, Description) VALUES (101,6,101,6,7,1,1,0,'default',NULL,NULL,0,0,0,1,' ');
  INSERT INTO Beams (GroupLocalID, ElementLocalID, AUX, N1, N2, MaterialID, SectionID, EndRelease, Save, TBirth, TDeath, Epsin, IRigidEnd, JRigidEnd, Subdivision, Description) VALUES (101,7,101,7,8,1,1,0,'default',NULL,NULL,0,0,0,1,' ');
  INSERT INTO Beams (GroupLocalID, ElementLocalID, AUX, N1, N2, MaterialID, SectionID, EndRelease, Save, TBirth, TDeath, Epsin, IRigidEnd, JRigidEnd, Subdivision, Description) VALUES (101,8,101,8,9,1,1,0,'default',NULL,NULL,0,0,0,1,' ');
  INSERT INTO Beams (GroupLocalID, ElementLocalID, AUX, N1, N2, MaterialID, SectionID, EndRelease, Save, TBirth, TDeath, Epsin, IRigidEnd, JRigidEnd, Subdivision, Description) VALUES (101,9,101,9,10,1,1,0,'default',NULL,NULL,0,0,0,1,' ');
  INSERT INTO Beams (GroupLocalID, ElementLocalID, AUX, N1, N2, MaterialID, SectionID, EndRelease, Save, TBirth, TDeath, Epsin, IRigidEnd, JRigidEnd, Subdivision, Description) VALUES (101,10,101,10,11,1,1,0,'default',NULL,NULL,0,0,0,1,' ');
  INSERT INTO Beams (GroupLocalID, ElementLocalID, AUX, N1, N2, MaterialID, SectionID, EndRelease, Save, TBirth, TDeath, Epsin, IRigidEnd, JRigidEnd, Subdivision, Description) VALUES (101,11,101,11,12,1,1,0,'default',NULL,NULL,0,0,0,1,' ');
  INSERT INTO Beams (GroupLocalID, ElementLocalID, AUX, N1, N2, MaterialID, SectionID, EndRelease, Save, TBirth, TDeath, Epsin, IRigidEnd, JRigidEnd, Subdivision, Description) VALUES (101,12,101,12,13,1,1,0,'default',NULL,NULL,0,0,0,1,' ');
  INSERT INTO Beams (GroupLocalID, ElementLocalID, AUX, N1, N2, MaterialID, SectionID, EndRelease, Save, TBirth, TDeath, Epsin, IRigidEnd, JRigidEnd, Subdivision, Description) VALUES (101,13,101,13,14,1,1,0,'default',NULL,NULL,0,0,0,1,' ');
  INSERT INTO Beams (GroupLocalID, ElementLocalID, AUX, N1, N2, MaterialID, SectionID, EndRelease, Save, TBirth, TDeath, Epsin, IRigidEnd, JRigidEnd, Subdivision, Description) VALUES (101,14,101,14,15,1,1,0,'default',NULL,NULL,0,0,0,1,' ');
  INSERT INTO Beams (GroupLocalID, ElementLocalID, AUX, N1, N2, MaterialID, SectionID, EndRelease, Save, TBirth, TDeath, Epsin, IRigidEnd, JRigidEnd, Subdivision, Description) VALUES (101,15,101,15,16,1,1,0,'default',NULL,NULL,0,0,0,1,' ');
  INSERT INTO Beams (GroupLocalID, ElementLocalID, AUX, N1, N2, MaterialID, SectionID, EndRelease, Save, TBirth, TDeath, Epsin, IRigidEnd, JRigidEnd, Subdivision, Description) VALUES (101,16,101,16,17,1,1,0,'default',NULL,NULL,0,0,0,1,' ');
  INSERT INTO Beams (GroupLocalID, ElementLocalID, AUX, N1, N2, MaterialID, SectionID, EndRelease, Save, TBirth, TDeath, Epsin, IRigidEnd, JRigidEnd, Subdivision, Description) VALUES (101,17,101,17,18,1,1,0,'default',NULL,NULL,0,0,0,1,' ');
  INSERT INTO Beams (GroupLocalID, ElementLocalID, AUX, N1, N2, MaterialID, SectionID, EndRelease, Save, TBirth, TDeath, Epsin, IRigidEnd, JRigidEnd, Subdivision, Description) VALUES (101,18,101,18,19,1,1,0,'default',NULL,NULL,0,0,0,1,' ');
  INSERT INTO Beams (GroupLocalID, ElementLocalID, AUX, N1, N2, MaterialID, SectionID, EndRelease, Save, TBirth, TDeath, Epsin, IRigidEnd, JRigidEnd, Subdivision, Description) VALUES (101,19,101,19,20,1,1,0,'default',NULL,NULL,0,0,0,1,' ');
  INSERT INTO Beams (GroupLocalID, ElementLocalID, AUX, N1, N2, MaterialID, SectionID, EndRelease, Save, TBirth, TDeath, Epsin, IRigidEnd, JRigidEnd, Subdivision, Description) VALUES (101,20,101,20,21,1,1,0,'default',NULL,NULL,0,0,0,1,' ');
  INSERT INTO Beams (GroupLocalID, ElementLocalID, AUX, N1, N2, MaterialID, SectionID, EndRelease, Save, TBirth, TDeath, Epsin, IRigidEnd, JRigidEnd, Subdivision, Description) VALUES (101,21,101,21,22,1,1,0,'default',NULL,NULL,0,0,0,1,' ');
  INSERT INTO Beams (GroupLocalID, ElementLocalID, AUX, N1, N2, MaterialID, SectionID, EndRelease, Save, TBirth, TDeath, Epsin, IRigidEnd, JRigidEnd, Subdivision, Description) VALUES (101,22,101,22,23,1,1,0,'default',NULL,NULL,0,0,0,1,' ');
  INSERT INTO Beams (GroupLocalID, ElementLocalID, AUX, N1, N2, MaterialID, SectionID, EndRelease, Save, TBirth, TDeath, Epsin, IRigidEnd, JRigidEnd, Subdivision, Description) VALUES (101,23,101,23,24,1,1,0,'default',NULL,NULL,0,0,0,1,' ');
  INSERT INTO Beams (GroupLocalID, ElementLocalID, AUX, N1, N2, MaterialID, SectionID, EndRelease, Save, TBirth, TDeath, Epsin, IRigidEnd, JRigidEnd, Subdivision, Description) VALUES (101,24,101,24,25,1,1,0,'default',NULL,NULL,0,0,0,1,' ');
  INSERT INTO Beams (GroupLocalID, ElementLocalID, AUX, N1, N2, MaterialID, SectionID, EndRelease, Save, TBirth, TDeath, Epsin, IRigidEnd, JRigidEnd, Subdivision, Description) VALUES (101,25,101,25,26,1,1,0,'default',NULL,NULL,0,0,0,1,' ');
  INSERT INTO Beams (GroupLocalID, ElementLocalID, AUX, N1, N2, MaterialID, SectionID, EndRelease, Save, TBirth, TDeath, Epsin, IRigidEnd, JRigidEnd, Subdivision, Description) VALUES (101,26,101,26,27,1,1,0,'default',NULL,NULL,0,0,0,1,' ');
  INSERT INTO Beams (GroupLocalID, ElementLocalID, AUX, N1, N2, MaterialID, SectionID, EndRelease, Save, TBirth, TDeath, Epsin, IRigidEnd, JRigidEnd, Subdivision, Description) VALUES (101,27,101,27,28,1,1,0,'default',NULL,NULL,0,0,0,1,' ');
  INSERT INTO Beams (GroupLocalID, ElementLocalID, AUX, N1, N2, MaterialID, SectionID, EndRelease, Save, TBirth, TDeath, Epsin, IRigidEnd, JRigidEnd, Subdivision, Description) VALUES (101,28,101,28,29,1,1,0,'default',NULL,NULL,0,0,0,1,' ');
  INSERT INTO Beams (GroupLocalID, ElementLocalID, AUX, N1, N2, MaterialID, SectionID, EndRelease, Save, TBirth, TDeath, Epsin, IRigidEnd, JRigidEnd, Subdivision, Description) VALUES (101,29,101,29,30,1,1,0,'default',NULL,NULL,0,0,0,1,' ');
  INSERT INTO Beams (GroupLocalID, ElementLocalID, AUX, N1, N2, MaterialID, SectionID, EndRelease, Save, TBirth, TDeath, Epsin, IRigidEnd, JRigidEnd, Subdivision, Description) VALUES (101,30,101,30,31,1,1,0,'default',NULL,NULL,0,0,0,1,' ');
  INSERT INTO Beams (GroupLocalID, ElementLocalID, AUX, N1, N2, MaterialID, SectionID, EndRelease, Save, TBirth, TDeath, Epsin, IRigidEnd, JRigidEnd, Subdivision, Description) VALUES (101,31,101,31,32,1,1,0,'default',NULL,NULL,0,0,0,1,' ');
  INSERT INTO Beams (GroupLocalID, ElementLocalID, AUX, N1, N2, MaterialID, SectionID, EndRelease, Save, TBirth, TDeath, Epsin, IRigidEnd, JRigidEnd, Subdivision, Description) VALUES (101,32,101,32,33,1,1,0,'default',NULL,NULL,0,0,0,1,' ');
  INSERT INTO Beams (GroupLocalID, ElementLocalID, AUX, N1, N2, MaterialID, SectionID, EndRelease, Save, TBirth, TDeath, Epsin, IRigidEnd, JRigidEnd, Subdivision, Description) VALUES (101,33,101,33,34,1,1,0,'default',NULL,NULL,0,0,0,1,' ');
  INSERT INTO Beams (GroupLocalID, ElementLocalID, AUX, N1, N2, MaterialID, SectionID, EndRelease, Save, TBirth, TDeath, Epsin, IRigidEnd, JRigidEnd, Subdivision, Description) VALUES (101,34,101,34,35,1,1,0,'default',NULL,NULL,0,0,0,1,' ');
  INSERT INTO Beams (GroupLocalID, ElementLocalID, AUX, N1, N2, MaterialID, SectionID, EndRelease, Save, TBirth, TDeath, Epsin, IRigidEnd, JRigidEnd, Subdivision, Description) VALUES (101,35,101,35,36,1,1,0,'default',NULL,NULL,0,0,0,1,' ');
  INSERT INTO Beams (GroupLocalID, ElementLocalID, AUX, N1, N2, MaterialID, SectionID, EndRelease, Save, TBirth, TDeath, Epsin, IRigidEnd, JRigidEnd, Subdivision, Description) VALUES (101,36,101,36,37,1,1,0,'default',NULL,NULL,0,0,0,1,' ');
  INSERT INTO Beams (GroupLocalID, ElementLocalID, AUX, N1, N2, MaterialID, SectionID, EndRelease, Save, TBirth, TDeath, Epsin, IRigidEnd, JRigidEnd, Subdivision, Description) VALUES (101,37,101,37,38,1,1,0,'default',NULL,NULL,0,0,0,1,' ');
  INSERT INTO Beams (GroupLocalID, ElementLocalID, AUX, N1, N2, MaterialID, SectionID, EndRelease, Save, TBirth, TDeath, Epsin, IRigidEnd, JRigidEnd, Subdivision, Description) VALUES (101,38,101,38,39,1,1,0,'default',NULL,NULL,0,0,0,1,' ');
  INSERT INTO Beams (GroupLocalID, ElementLocalID, AUX, N1, N2, MaterialID, SectionID, EndRelease, Save, TBirth, TDeath, Epsin, IRigidEnd, JRigidEnd, Subdivision, Description) VALUES (101,39,101,39,40,1,1,0,'default',NULL,NULL,0,0,0,1,' ');
  INSERT INTO Beams (GroupLocalID, ElementLocalID, AUX, N1, N2, MaterialID, SectionID, EndRelease, Save, TBirth, TDeath, Epsin, IRigidEnd, JRigidEnd, Subdivision, Description) VALUES (101,40,101,40,41,1,1,0,'default',NULL,NULL,0,0,0,1,' ');
  INSERT INTO Beams (GroupLocalID, ElementLocalID, AUX, N1, N2, MaterialID, SectionID, EndRelease, Save, TBirth, TDeath, Epsin, IRigidEnd, JRigidEnd, Subdivision, Description) VALUES (101,101,201,101,102,2,2,0,'default',NULL,NULL,0,0,0,1,' ');
  INSERT INTO Beams (GroupLocalID, ElementLocalID, AUX, N1, N2, MaterialID, SectionID, EndRelease, Save, TBirth, TDeath, Epsin, IRigidEnd, JRigidEnd, Subdivision, Description) VALUES (101,102,201,102,103,2,2,0,'default',NULL,NULL,0,0,0,1,' ');
  INSERT INTO Beams (GroupLocalID, ElementLocalID, AUX, N1, N2, MaterialID, SectionID, EndRelease, Save, TBirth, TDeath, Epsin, IRigidEnd, JRigidEnd, Subdivision, Description) VALUES (101,103,201,103,104,2,2,0,'default',NULL,NULL,0,0,0,1,' ');
  INSERT INTO Beams (GroupLocalID, ElementLocalID, AUX, N1, N2, MaterialID, SectionID, EndRelease, Save, TBirth, TDeath, Epsin, IRigidEnd, JRigidEnd, Subdivision, Description) VALUES (101,104,201,104,11,2,2,0,'default',NULL,NULL,0,0,0,1,' ');
  INSERT INTO Beams (GroupLocalID, ElementLocalID, AUX, N1, N2, MaterialID, SectionID, EndRelease, Save, TBirth, TDeath, Epsin, IRigidEnd, JRigidEnd, Subdivision, Description) VALUES (101,201,101,201,202,2,2,0,'default',NULL,NULL,0,0,0,1,' ');
  INSERT INTO Beams (GroupLocalID, ElementLocalID, AUX, N1, N2, MaterialID, SectionID, EndRelease, Save, TBirth, TDeath, Epsin, IRigidEnd, JRigidEnd, Subdivision, Description) VALUES (101,202,101,202,203,2,2,0,'default',NULL,NULL,0,0,0,1,' ');
  INSERT INTO Beams (GroupLocalID, ElementLocalID, AUX, N1, N2, MaterialID, SectionID, EndRelease, Save, TBirth, TDeath, Epsin, IRigidEnd, JRigidEnd, Subdivision, Description) VALUES (101,203,101,203,204,2,2,0,'default',NULL,NULL,0,0,0,1,' ');
  INSERT INTO Beams (GroupLocalID, ElementLocalID, AUX, N1, N2, MaterialID, SectionID, EndRelease, Save, TBirth, TDeath, Epsin, IRigidEnd, JRigidEnd, Subdivision, Description) VALUES (101,204,101,204,31,2,2,0,'default',NULL,NULL,0,0,0,1,' ');
--Dampings
  INSERT INTO Dampings (GroupLocalID, ALPHA, BETA) VALUES (0,0,0);
--AppliedConcentratedLoads
  INSERT INTO AppliedConcentratedLoads (NodeID, Direction, Factor, TimeFunctionID, ArrivalTime, Nodaux, Description) VALUES (1,1,1,101,'2004-10-19 10:23:00',0,' ');
  INSERT INTO AppliedConcentratedLoads (NodeID, Direction, Factor, TimeFunctionID, ArrivalTime, Nodaux, Description) VALUES (1,1,1,101,'2004-10-19 10:23:02',0,' ');
  INSERT INTO AppliedConcentratedLoads (NodeID, Direction, Factor, TimeFunctionID, ArrivalTime, Nodaux, Description) VALUES (1,3,1,101,'2004-10-19 10:23:04',0,' ');
  INSERT INTO AppliedConcentratedLoads (NodeID, Direction, Factor, TimeFunctionID, ArrivalTime, Nodaux, Description) VALUES (1,5,1,101,'2004-10-19 10:23:06',0,' ');
  INSERT INTO AppliedConcentratedLoads (NodeID, Direction, Factor, TimeFunctionID, ArrivalTime, Nodaux, Description) VALUES (2,1,1,101,'2004-10-19 10:23:10',0,' ');
  INSERT INTO AppliedConcentratedLoads (NodeID, Direction, Factor, TimeFunctionID, ArrivalTime, Nodaux, Description) VALUES (2,3,1,101,'2004-10-19 10:23:12',0,' ');
  INSERT INTO AppliedConcentratedLoads (NodeID, Direction, Factor, TimeFunctionID, ArrivalTime, Nodaux, Description) VALUES (2,5,1,101,'2004-10-19 10:23:14',0,' ');
  INSERT INTO AppliedConcentratedLoads (NodeID, Direction, Factor, TimeFunctionID, ArrivalTime, Nodaux, Description) VALUES (3,1,1,101,'2004-10-19 10:23:16',0,' ');
  INSERT INTO AppliedConcentratedLoads (NodeID, Direction, Factor, TimeFunctionID, ArrivalTime, Nodaux, Description) VALUES (3,3,1,101,'2004-10-19 10:23:20',0,' ');
  INSERT INTO AppliedConcentratedLoads (NodeID, Direction, Factor, TimeFunctionID, ArrivalTime, Nodaux, Description) VALUES (3,5,1,101,'2004-10-19 10:23:22',0,' ');
  INSERT INTO AppliedConcentratedLoads (NodeID, Direction, Factor, TimeFunctionID, ArrivalTime, Nodaux, Description) VALUES (4,1,1,101,'2004-10-19 10:23:24',0,' ');
  INSERT INTO AppliedConcentratedLoads (NodeID, Direction, Factor, TimeFunctionID, ArrivalTime, Nodaux, Description) VALUES (4,3,1,101,'2004-10-19 10:23:26',0,' ');
  INSERT INTO AppliedConcentratedLoads (NodeID, Direction, Factor, TimeFunctionID, ArrivalTime, Nodaux, Description) VALUES (4,5,1,101,'2004-10-19 10:23:30',0,' ');
  INSERT INTO AppliedConcentratedLoads (NodeID, Direction, Factor, TimeFunctionID, ArrivalTime, Nodaux, Description) VALUES (5,1,1,101,'2004-10-19 10:23:32',0,' ');
  INSERT INTO AppliedConcentratedLoads (NodeID, Direction, Factor, TimeFunctionID, ArrivalTime, Nodaux, Description) VALUES (5,3,1,101,'2004-10-19 10:23:34',0,' ');
  INSERT INTO AppliedConcentratedLoads (NodeID, Direction, Factor, TimeFunctionID, ArrivalTime, Nodaux, Description) VALUES (5,5,1,101,'2004-10-19 10:23:36',0,' ');
  INSERT INTO AppliedConcentratedLoads (NodeID, Direction, Factor, TimeFunctionID, ArrivalTime, Nodaux, Description) VALUES (6,1,1,101,'2004-10-19 10:23:40',0,' ');
  INSERT INTO AppliedConcentratedLoads (NodeID, Direction, Factor, TimeFunctionID, ArrivalTime, Nodaux, Description) VALUES (6,3,1,101,'2004-10-19 10:23:42',0,' ');
  INSERT INTO AppliedConcentratedLoads (NodeID, Direction, Factor, TimeFunctionID, ArrivalTime, Nodaux, Description) VALUES (6,5,1,101,'2004-10-19 10:23:44',0,' ');
  INSERT INTO AppliedConcentratedLoads (NodeID, Direction, Factor, TimeFunctionID, ArrivalTime, Nodaux, Description) VALUES (7,1,1,101,'2004-10-19 10:23:46',0,' ');
  INSERT INTO AppliedConcentratedLoads (NodeID, Direction, Factor, TimeFunctionID, ArrivalTime, Nodaux, Description) VALUES (7,3,1,101,'2004-10-19 10:23:50',0,' ');
  INSERT INTO AppliedConcentratedLoads (NodeID, Direction, Factor, TimeFunctionID, ArrivalTime, Nodaux, Description) VALUES (7,5,1,101,'2004-10-19 10:23:52',0,' ');
  INSERT INTO AppliedConcentratedLoads (NodeID, Direction, Factor, TimeFunctionID, ArrivalTime, Nodaux, Description) VALUES (8,1,1,101,'2004-10-19 10:23:54',0,' ');
  INSERT INTO AppliedConcentratedLoads (NodeID, Direction, Factor, TimeFunctionID, ArrivalTime, Nodaux, Description) VALUES (8,3,1,101,'2004-10-19 10:23:56',0,' ');
  INSERT INTO AppliedConcentratedLoads (NodeID, Direction, Factor, TimeFunctionID, ArrivalTime, Nodaux, Description) VALUES (8,5,1,101,'2004-10-19 10:24:00',0,' ');
  INSERT INTO AppliedConcentratedLoads (NodeID, Direction, Factor, TimeFunctionID, ArrivalTime, Nodaux, Description) VALUES (9,1,1,101,'2004-10-19 10:24:02',0,' ');
  INSERT INTO AppliedConcentratedLoads (NodeID, Direction, Factor, TimeFunctionID, ArrivalTime, Nodaux, Description) VALUES (9,3,1,101,'2004-10-19 10:24:04',0,' ');
  INSERT INTO AppliedConcentratedLoads (NodeID, Direction, Factor, TimeFunctionID, ArrivalTime, Nodaux, Description) VALUES (9,5,1,101,'2004-10-19 10:24:06',0,' ');
  INSERT INTO AppliedConcentratedLoads (NodeID, Direction, Factor, TimeFunctionID, ArrivalTime, Nodaux, Description) VALUES (10,1,1,101,'2004-10-19 10:24:08',0,' ');
  INSERT INTO AppliedConcentratedLoads (NodeID, Direction, Factor, TimeFunctionID, ArrivalTime, Nodaux, Description) VALUES (10,3,1,101,'2004-10-19 10:24:10',0,' ');
  INSERT INTO AppliedConcentratedLoads (NodeID, Direction, Factor, TimeFunctionID, ArrivalTime, Nodaux, Description) VALUES (10,5,1,101,'2004-10-19 10:24:12',0,' ');
  INSERT INTO AppliedConcentratedLoads (NodeID, Direction, Factor, TimeFunctionID, ArrivalTime, Nodaux, Description) VALUES (11,1,1,101,'2004-10-19 10:24:14',0,' ');
  INSERT INTO AppliedConcentratedLoads (NodeID, Direction, Factor, TimeFunctionID, ArrivalTime, Nodaux, Description) VALUES (11,3,1,101,'2004-10-19 10:24:16',0,' ');
  INSERT INTO AppliedConcentratedLoads (NodeID, Direction, Factor, TimeFunctionID, ArrivalTime, Nodaux, Description) VALUES (11,5,1,101,'2004-10-19 10:24:18',0,' ');
  INSERT INTO AppliedConcentratedLoads (NodeID, Direction, Factor, TimeFunctionID, ArrivalTime, Nodaux, Description) VALUES (12,1,1,101,'2004-10-19 10:24:20',0,' ');
  INSERT INTO AppliedConcentratedLoads (NodeID, Direction, Factor, TimeFunctionID, ArrivalTime, Nodaux, Description) VALUES (12,3,1,101,'2004-10-19 10:24:22',0,' ');
  INSERT INTO AppliedConcentratedLoads (NodeID, Direction, Factor, TimeFunctionID, ArrivalTime, Nodaux, Description) VALUES (12,5,1,101,'2004-10-19 10:24:24',0,' ');
  INSERT INTO AppliedConcentratedLoads (NodeID, Direction, Factor, TimeFunctionID, ArrivalTime, Nodaux, Description) VALUES (13,1,1,101,'2004-10-19 10:24:26',0,' ');
  INSERT INTO AppliedConcentratedLoads (NodeID, Direction, Factor, TimeFunctionID, ArrivalTime, Nodaux, Description) VALUES (13,3,1,101,'2004-10-19 10:24:28',0,' ');
  INSERT INTO AppliedConcentratedLoads (NodeID, Direction, Factor, TimeFunctionID, ArrivalTime, Nodaux, Description) VALUES (13,5,1,101,'2004-10-19 10:24:30',0,' ');
  INSERT INTO AppliedConcentratedLoads (NodeID, Direction, Factor, TimeFunctionID, ArrivalTime, Nodaux, Description) VALUES (14,1,1,101,'2004-10-19 10:24:32',0,' ');
  INSERT INTO AppliedConcentratedLoads (NodeID, Direction, Factor, TimeFunctionID, ArrivalTime, Nodaux, Description) VALUES (14,3,1,101,'2004-10-19 10:24:34',0,' ');
  INSERT INTO AppliedConcentratedLoads (NodeID, Direction, Factor, TimeFunctionID, ArrivalTime, Nodaux, Description) VALUES (14,5,1,101,'2004-10-19 10:24:36',0,' ');
  INSERT INTO AppliedConcentratedLoads (NodeID, Direction, Factor, TimeFunctionID, ArrivalTime, Nodaux, Description) VALUES (15,1,1,101,'2004-10-19 10:24:38',0,' ');
  INSERT INTO AppliedConcentratedLoads (NodeID, Direction, Factor, TimeFunctionID, ArrivalTime, Nodaux, Description) VALUES (15,3,1,101,'2004-10-19 10:24:40',0,' ');
  INSERT INTO AppliedConcentratedLoads (NodeID, Direction, Factor, TimeFunctionID, ArrivalTime, Nodaux, Description) VALUES (15,5,1,101,'2004-10-19 10:24:42',0,' ');
  INSERT INTO AppliedConcentratedLoads (NodeID, Direction, Factor, TimeFunctionID, ArrivalTime, Nodaux, Description) VALUES (16,1,1,101,'2004-10-19 10:24:44',0,' ');
  INSERT INTO AppliedConcentratedLoads (NodeID, Direction, Factor, TimeFunctionID, ArrivalTime, Nodaux, Description) VALUES (16,3,1,101,'2004-10-19 10:24:46',0,' ');
  INSERT INTO AppliedConcentratedLoads (NodeID, Direction, Factor, TimeFunctionID, ArrivalTime, Nodaux, Description) VALUES (16,5,1,101,'2004-10-19 10:24:48',0,' ');
  INSERT INTO AppliedConcentratedLoads (NodeID, Direction, Factor, TimeFunctionID, ArrivalTime, Nodaux, Description) VALUES (17,1,1,101,'2004-10-19 10:24:50',0,' ');
  INSERT INTO AppliedConcentratedLoads (NodeID, Direction, Factor, TimeFunctionID, ArrivalTime, Nodaux, Description) VALUES (17,3,1,101,'2004-10-19 10:24:52',0,' ');
  INSERT INTO AppliedConcentratedLoads (NodeID, Direction, Factor, TimeFunctionID, ArrivalTime, Nodaux, Description) VALUES (17,5,1,101,'2004-10-19 10:24:54',0,' ');
  INSERT INTO AppliedConcentratedLoads (NodeID, Direction, Factor, TimeFunctionID, ArrivalTime, Nodaux, Description) VALUES (18,1,1,101,'2004-10-19 10:24:56',0,' ');
  INSERT INTO AppliedConcentratedLoads (NodeID, Direction, Factor, TimeFunctionID, ArrivalTime, Nodaux, Description) VALUES (18,3,1,101,'2004-10-19 10:24:58',0,' ');
  INSERT INTO AppliedConcentratedLoads (NodeID, Direction, Factor, TimeFunctionID, ArrivalTime, Nodaux, Description) VALUES (18,5,1,101,'2004-10-19 10:25:00',0,' ');
  INSERT INTO AppliedConcentratedLoads (NodeID, Direction, Factor, TimeFunctionID, ArrivalTime, Nodaux, Description) VALUES (19,1,1,101,'2004-10-19 10:25:02',0,' ');
  INSERT INTO AppliedConcentratedLoads (NodeID, Direction, Factor, TimeFunctionID, ArrivalTime, Nodaux, Description) VALUES (19,3,1,101,'2004-10-19 10:25:04',0,' ');
  INSERT INTO AppliedConcentratedLoads (NodeID, Direction, Factor, TimeFunctionID, ArrivalTime, Nodaux, Description) VALUES (19,5,1,101,'2004-10-19 10:25:06',0,' ');
  INSERT INTO AppliedConcentratedLoads (NodeID, Direction, Factor, TimeFunctionID, ArrivalTime, Nodaux, Description) VALUES (20,1,1,101,'2004-10-19 10:25:08',0,' ');
  INSERT INTO AppliedConcentratedLoads (NodeID, Direction, Factor, TimeFunctionID, ArrivalTime, Nodaux, Description) VALUES (20,3,1,101,'2004-10-19 10:25:10',0,' ');
  INSERT INTO AppliedConcentratedLoads (NodeID, Direction, Factor, TimeFunctionID, ArrivalTime, Nodaux, Description) VALUES (20,5,1,101,'2004-10-19 10:25:12',0,' ');
  INSERT INTO AppliedConcentratedLoads (NodeID, Direction, Factor, TimeFunctionID, ArrivalTime, Nodaux, Description) VALUES (21,1,1,101,'2004-10-19 10:25:14',0,' ');
  INSERT INTO AppliedConcentratedLoads (NodeID, Direction, Factor, TimeFunctionID, ArrivalTime, Nodaux, Description) VALUES (21,3,1,101,'2004-10-19 10:25:16',0,' ');
  INSERT INTO AppliedConcentratedLoads (NodeID, Direction, Factor, TimeFunctionID, ArrivalTime, Nodaux, Description) VALUES (21,5,1,101,'2004-10-19 10:25:18',0,' ');
  INSERT INTO AppliedConcentratedLoads (NodeID, Direction, Factor, TimeFunctionID, ArrivalTime, Nodaux, Description) VALUES (22,1,1,101,'2004-10-19 10:25:20',0,' ');
  INSERT INTO AppliedConcentratedLoads (NodeID, Direction, Factor, TimeFunctionID, ArrivalTime, Nodaux, Description) VALUES (22,3,1,101,'2004-10-19 10:25:22',0,' ');
  INSERT INTO AppliedConcentratedLoads (NodeID, Direction, Factor, TimeFunctionID, ArrivalTime, Nodaux, Description) VALUES (22,5,1,101,'2004-10-19 10:25:24',0,' ');
  INSERT INTO AppliedConcentratedLoads (NodeID, Direction, Factor, TimeFunctionID, ArrivalTime, Nodaux, Description) VALUES (23,1,1,101,'2004-10-19 10:25:26',0,' ');
  INSERT INTO AppliedConcentratedLoads (NodeID, Direction, Factor, TimeFunctionID, ArrivalTime, Nodaux, Description) VALUES (23,3,1,101,'2004-10-19 10:25:28',0,' ');
  INSERT INTO AppliedConcentratedLoads (NodeID, Direction, Factor, TimeFunctionID, ArrivalTime, Nodaux, Description) VALUES (23,5,1,101,'2004-10-19 10:25:30',0,' ');
  INSERT INTO AppliedConcentratedLoads (NodeID, Direction, Factor, TimeFunctionID, ArrivalTime, Nodaux, Description) VALUES (24,1,1,101,'2004-10-19 10:25:32',0,' ');
  INSERT INTO AppliedConcentratedLoads (NodeID, Direction, Factor, TimeFunctionID, ArrivalTime, Nodaux, Description) VALUES (24,3,1,101,'2004-10-19 10:25:34',0,' ');
  INSERT INTO AppliedConcentratedLoads (NodeID, Direction, Factor, TimeFunctionID, ArrivalTime, Nodaux, Description) VALUES (24,5,1,101,'2004-10-19 10:25:36',0,' ');
  INSERT INTO AppliedConcentratedLoads (NodeID, Direction, Factor, TimeFunctionID, ArrivalTime, Nodaux, Description) VALUES (25,1,1,101,'2004-10-19 10:25:38',0,' ');
  INSERT INTO AppliedConcentratedLoads (NodeID, Direction, Factor, TimeFunctionID, ArrivalTime, Nodaux, Description) VALUES (25,3,1,101,'2004-10-19 10:25:40',0,' ');
  INSERT INTO AppliedConcentratedLoads (NodeID, Direction, Factor, TimeFunctionID, ArrivalTime, Nodaux, Description) VALUES (25,5,1,101,'2004-10-19 10:25:42',0,' ');
  INSERT INTO AppliedConcentratedLoads (NodeID, Direction, Factor, TimeFunctionID, ArrivalTime, Nodaux, Description) VALUES (26,1,1,101,'2004-10-19 10:25:44',0,' ');
  INSERT INTO AppliedConcentratedLoads (NodeID, Direction, Factor, TimeFunctionID, ArrivalTime, Nodaux, Description) VALUES (26,3,1,101,'2004-10-19 10:25:46',0,' ');
  INSERT INTO AppliedConcentratedLoads (NodeID, Direction, Factor, TimeFunctionID, ArrivalTime, Nodaux, Description) VALUES (26,5,1,101,'2004-10-19 10:25:48',0,' ');
  INSERT INTO AppliedConcentratedLoads (NodeID, Direction, Factor, TimeFunctionID, ArrivalTime, Nodaux, Description) VALUES (27,1,1,101,'2004-10-19 10:25:50',0,' ');
  INSERT INTO AppliedConcentratedLoads (NodeID, Direction, Factor, TimeFunctionID, ArrivalTime, Nodaux, Description) VALUES (27,3,1,101,'2004-10-19 10:25:52',0,' ');
  INSERT INTO AppliedConcentratedLoads (NodeID, Direction, Factor, TimeFunctionID, ArrivalTime, Nodaux, Description) VALUES (27,5,1,101,'2004-10-19 10:25:54',0,' ');
  INSERT INTO AppliedConcentratedLoads (NodeID, Direction, Factor, TimeFunctionID, ArrivalTime, Nodaux, Description) VALUES (28,1,1,101,'2004-10-19 10:25:56',0,' ');
  INSERT INTO AppliedConcentratedLoads (NodeID, Direction, Factor, TimeFunctionID, ArrivalTime, Nodaux, Description) VALUES (28,3,1,101,'2004-10-19 10:25:58',0,' ');
  INSERT INTO AppliedConcentratedLoads (NodeID, Direction, Factor, TimeFunctionID, ArrivalTime, Nodaux, Description) VALUES (28,5,1,101,'2004-10-19 10:26:00',0,' ');
  INSERT INTO AppliedConcentratedLoads (NodeID, Direction, Factor, TimeFunctionID, ArrivalTime, Nodaux, Description) VALUES (29,1,1,101,'2004-10-19 10:26:02',0,' ');
  INSERT INTO AppliedConcentratedLoads (NodeID, Direction, Factor, TimeFunctionID, ArrivalTime, Nodaux, Description) VALUES (29,3,1,101,'2004-10-19 10:26:04',0,' ');
  INSERT INTO AppliedConcentratedLoads (NodeID, Direction, Factor, TimeFunctionID, ArrivalTime, Nodaux, Description) VALUES (29,5,1,101,'2004-10-19 10:26:06',0,' ');
  INSERT INTO AppliedConcentratedLoads (NodeID, Direction, Factor, TimeFunctionID, ArrivalTime, Nodaux, Description) VALUES (30,1,1,101,'2004-10-19 10:26:08',0,' ');
  INSERT INTO AppliedConcentratedLoads (NodeID, Direction, Factor, TimeFunctionID, ArrivalTime, Nodaux, Description) VALUES (30,3,1,101,'2004-10-19 10:26:10',0,' ');
  INSERT INTO AppliedConcentratedLoads (NodeID, Direction, Factor, TimeFunctionID, ArrivalTime, Nodaux, Description) VALUES (30,5,1,101,'2004-10-19 10:26:12',0,' ');
  INSERT INTO AppliedConcentratedLoads (NodeID, Direction, Factor, TimeFunctionID, ArrivalTime, Nodaux, Description) VALUES (31,1,1,101,'2004-10-19 10:26:14',0,' ');
  INSERT INTO AppliedConcentratedLoads (NodeID, Direction, Factor, TimeFunctionID, ArrivalTime, Nodaux, Description) VALUES (31,3,1,101,'2004-10-19 10:26:16',0,' ');
  INSERT INTO AppliedConcentratedLoads (NodeID, Direction, Factor, TimeFunctionID, ArrivalTime, Nodaux, Description) VALUES (31,5,1,101,'2004-10-19 10:26:18',0,' ');
  INSERT INTO AppliedConcentratedLoads (NodeID, Direction, Factor, TimeFunctionID, ArrivalTime, Nodaux, Description) VALUES (32,1,1,101,'2004-10-19 10:26:20',0,' ');
  INSERT INTO AppliedConcentratedLoads (NodeID, Direction, Factor, TimeFunctionID, ArrivalTime, Nodaux, Description) VALUES (32,3,1,101,'2004-10-19 10:26:22',0,' ');
  INSERT INTO AppliedConcentratedLoads (NodeID, Direction, Factor, TimeFunctionID, ArrivalTime, Nodaux, Description) VALUES (32,5,1,101,'2004-10-19 10:26:24',0,' ');
  INSERT INTO AppliedConcentratedLoads (NodeID, Direction, Factor, TimeFunctionID, ArrivalTime, Nodaux, Description) VALUES (33,1,1,101,'2004-10-19 10:26:26',0,' ');
  INSERT INTO AppliedConcentratedLoads (NodeID, Direction, Factor, TimeFunctionID, ArrivalTime, Nodaux, Description) VALUES (33,3,1,101,'2004-10-19 10:26:28',0,' ');
  INSERT INTO AppliedConcentratedLoads (NodeID, Direction, Factor, TimeFunctionID, ArrivalTime, Nodaux, Description) VALUES (33,5,1,101,'2004-10-19 10:26:30',0,' ');
  INSERT INTO AppliedConcentratedLoads (NodeID, Direction, Factor, TimeFunctionID, ArrivalTime, Nodaux, Description) VALUES (34,1,1,101,'2004-10-19 10:26:32',0,' ');
  INSERT INTO AppliedConcentratedLoads (NodeID, Direction, Factor, TimeFunctionID, ArrivalTime, Nodaux, Description) VALUES (34,3,1,101,'2004-10-19 10:26:34',0,' ');
  INSERT INTO AppliedConcentratedLoads (NodeID, Direction, Factor, TimeFunctionID, ArrivalTime, Nodaux, Description) VALUES (34,5,1,101,'2004-10-19 10:26:36',0,' ');
  INSERT INTO AppliedConcentratedLoads (NodeID, Direction, Factor, TimeFunctionID, ArrivalTime, Nodaux, Description) VALUES (35,1,1,101,'2004-10-19 10:26:38',0,' ');
  INSERT INTO AppliedConcentratedLoads (NodeID, Direction, Factor, TimeFunctionID, ArrivalTime, Nodaux, Description) VALUES (35,3,1,101,'2004-10-19 10:26:40',0,' ');
  INSERT INTO AppliedConcentratedLoads (NodeID, Direction, Factor, TimeFunctionID, ArrivalTime, Nodaux, Description) VALUES (35,5,1,101,'2004-10-19 10:26:42',0,' ');
  INSERT INTO AppliedConcentratedLoads (NodeID, Direction, Factor, TimeFunctionID, ArrivalTime, Nodaux, Description) VALUES (36,1,1,101,'2004-10-19 10:26:44',0,' ');
  INSERT INTO AppliedConcentratedLoads (NodeID, Direction, Factor, TimeFunctionID, ArrivalTime, Nodaux, Description) VALUES (36,3,1,101,'2004-10-19 10:26:46',0,' ');
  INSERT INTO AppliedConcentratedLoads (NodeID, Direction, Factor, TimeFunctionID, ArrivalTime, Nodaux, Description) VALUES (36,5,1,101,'2004-10-19 10:26:48',0,' ');
  INSERT INTO AppliedConcentratedLoads (NodeID, Direction, Factor, TimeFunctionID, ArrivalTime, Nodaux, Description) VALUES (37,1,1,101,'2004-10-19 10:26:50',0,' ');
  INSERT INTO AppliedConcentratedLoads (NodeID, Direction, Factor, TimeFunctionID, ArrivalTime, Nodaux, Description) VALUES (37,3,1,101,'2004-10-19 10:26:52',0,' ');
  INSERT INTO AppliedConcentratedLoads (NodeID, Direction, Factor, TimeFunctionID, ArrivalTime, Nodaux, Description) VALUES (37,5,1,101,'2004-10-19 10:26:54',0,' ');
  INSERT INTO AppliedConcentratedLoads (NodeID, Direction, Factor, TimeFunctionID, ArrivalTime, Nodaux, Description) VALUES (38,1,1,101,'2004-10-19 10:26:56',0,' ');
  INSERT INTO AppliedConcentratedLoads (NodeID, Direction, Factor, TimeFunctionID, ArrivalTime, Nodaux, Description) VALUES (38,3,1,101,'2004-10-19 10:26:58',0,' ');
  INSERT INTO AppliedConcentratedLoads (NodeID, Direction, Factor, TimeFunctionID, ArrivalTime, Nodaux, Description) VALUES (38,5,1,101,'2004-10-19 10:27:00',0,' ');
  INSERT INTO AppliedConcentratedLoads (NodeID, Direction, Factor, TimeFunctionID, ArrivalTime, Nodaux, Description) VALUES (39,1,1,101,'2004-10-19 10:27:02',0,' ');
  INSERT INTO AppliedConcentratedLoads (NodeID, Direction, Factor, TimeFunctionID, ArrivalTime, Nodaux, Description) VALUES (39,3,1,101,'2004-10-19 10:27:04',0,' ');
  INSERT INTO AppliedConcentratedLoads (NodeID, Direction, Factor, TimeFunctionID, ArrivalTime, Nodaux, Description) VALUES (39,5,1,101,'2004-10-19 10:27:06',0,' ');
  INSERT INTO AppliedConcentratedLoads (NodeID, Direction, Factor, TimeFunctionID, ArrivalTime, Nodaux, Description) VALUES (40,1,1,101,'2004-10-19 10:27:08',0,' ');
  INSERT INTO AppliedConcentratedLoads (NodeID, Direction, Factor, TimeFunctionID, ArrivalTime, Nodaux, Description) VALUES (40,3,1,101,'2004-10-19 10:27:10',0,' ');
  INSERT INTO AppliedConcentratedLoads (NodeID, Direction, Factor, TimeFunctionID, ArrivalTime, Nodaux, Description) VALUES (40,5,1,101,'2004-10-19 10:27:12',0,' ');
  INSERT INTO AppliedConcentratedLoads (NodeID, Direction, Factor, TimeFunctionID, ArrivalTime, Nodaux, Description) VALUES (41,1,1,101,'2004-10-19 10:27:14',0,' ');
  INSERT INTO AppliedConcentratedLoads (NodeID, Direction, Factor, TimeFunctionID, ArrivalTime, Nodaux, Description) VALUES (41,3,1,101,'2004-10-19 10:27:16',0,' ');
  INSERT INTO AppliedConcentratedLoads (NodeID, Direction, Factor, TimeFunctionID, ArrivalTime, Nodaux, Description) VALUES (41,5,1,101,'2004-10-19 10:27:18',0,' ');
  INSERT INTO AppliedConcentratedLoads (NodeID, Direction, Factor, TimeFunctionID, ArrivalTime, Nodaux, Description) VALUES (102,1,1,101,'2004-10-19 10:27:20',0,' ');
  INSERT INTO AppliedConcentratedLoads (NodeID, Direction, Factor, TimeFunctionID, ArrivalTime, Nodaux, Description) VALUES (102,3,1,101,'2004-10-19 10:27:22',0,' ');
  INSERT INTO AppliedConcentratedLoads (NodeID, Direction, Factor, TimeFunctionID, ArrivalTime, Nodaux, Description) VALUES (102,5,1,101,'2004-10-19 10:27:24',0,' ');
  INSERT INTO AppliedConcentratedLoads (NodeID, Direction, Factor, TimeFunctionID, ArrivalTime, Nodaux, Description) VALUES (103,1,1,101,'2004-10-19 10:27:26',0,' ');
  INSERT INTO AppliedConcentratedLoads (NodeID, Direction, Factor, TimeFunctionID, ArrivalTime, Nodaux, Description) VALUES (103,3,1,101,'2004-10-19 10:27:28',0,' ');
  INSERT INTO AppliedConcentratedLoads (NodeID, Direction, Factor, TimeFunctionID, ArrivalTime, Nodaux, Description) VALUES (103,5,1,101,'2004-10-19 10:27:30',0,' ');
  INSERT INTO AppliedConcentratedLoads (NodeID, Direction, Factor, TimeFunctionID, ArrivalTime, Nodaux, Description) VALUES (104,1,1,101,'2004-10-19 10:27:32',0,' ');
  INSERT INTO AppliedConcentratedLoads (NodeID, Direction, Factor, TimeFunctionID, ArrivalTime, Nodaux, Description) VALUES (104,3,1,101,'2004-10-19 10:27:34',0,' ');
  INSERT INTO AppliedConcentratedLoads (NodeID, Direction, Factor, TimeFunctionID, ArrivalTime, Nodaux, Description) VALUES (104,5,1,101,'2004-10-19 10:27:36',0,' ');
  INSERT INTO AppliedConcentratedLoads (NodeID, Direction, Factor, TimeFunctionID, ArrivalTime, Nodaux, Description) VALUES (202,1,1,101,'2004-10-19 10:27:38',0,' ');
  INSERT INTO AppliedConcentratedLoads (NodeID, Direction, Factor, TimeFunctionID, ArrivalTime, Nodaux, Description) VALUES (202,3,1,101,'2004-10-19 10:27:40',0,' ');
  INSERT INTO AppliedConcentratedLoads (NodeID, Direction, Factor, TimeFunctionID, ArrivalTime, Nodaux, Description) VALUES (202,5,1,101,'2004-10-19 10:27:42',0,' ');
  INSERT INTO AppliedConcentratedLoads (NodeID, Direction, Factor, TimeFunctionID, ArrivalTime, Nodaux, Description) VALUES (203,1,1,101,'2004-10-19 10:27:44',0,' ');
  INSERT INTO AppliedConcentratedLoads (NodeID, Direction, Factor, TimeFunctionID, ArrivalTime, Nodaux, Description) VALUES (203,3,1,101,'2004-10-19 10:27:46',0,' ');
  INSERT INTO AppliedConcentratedLoads (NodeID, Direction, Factor, TimeFunctionID, ArrivalTime, Nodaux, Description) VALUES (203,5,1,101,'2004-10-19 10:27:48',0,' ');
  INSERT INTO AppliedConcentratedLoads (NodeID, Direction, Factor, TimeFunctionID, ArrivalTime, Nodaux, Description) VALUES (204,1,1,101,'2004-10-19 10:27:50',0,' ');
  INSERT INTO AppliedConcentratedLoads (NodeID, Direction, Factor, TimeFunctionID, ArrivalTime, Nodaux, Description) VALUES (204,3,1,101,'2004-10-19 10:27:52',0,' ');
  INSERT INTO AppliedConcentratedLoads (NodeID, Direction, Factor, TimeFunctionID, ArrivalTime, Nodaux, Description) VALUES (204,5,1,101,'2004-10-19 10:27:54',0,' ');
