sensor values: 1.278291954042E9:0.7727846, 0.17237252, 0.065001905



------------


20, 1, 96.0
sensor values: 1.278291954043E9:0.3739978, 0.93424773, 0.27398717
sensor values: 1.278291954044E9:0.26544583, 0.5358032, 0.6417803
sensor values: 1.2782919540449998E9:0.6572227, 0.2595582, 0.07479948
sensor values: 1.2782919540459998E9:0.68198144, 0.4244998, 0.3614425
sensor values: 1.2782919540469997E9:0.07398844, 0.56078213, 0.09808111
sensor values: 1.2782919540479996E9:0.3555137, 0.66866904, 0.9101754
sensor values: 1.2782919540489995E9:0.4986843, 0.29703546, 0.8611449
sensor values: 1.2782919540499995E9:0.7709321, 0.5486691, 0.15908504
sensor values: 1.2782919540509994E9:0.79381955, 0.69569445, 0.8968452
sensor values: 1.2782919540519993E9:0.6292619, 0.60914224, 0.5156153



------------


20, 10, 15.5
sensor values: 1.2782919540529993E9:0.21887428, 0.6001863, 0.23866194
sensor values: 1.2782919540539992E9:0.1497572, 0.8101391, 0.4579556
sensor values: 1.278291954054999E9:0.5852623, 0.56544167, 0.7242021
sensor values: 1.278291954055999E9:0.99697316, 0.1676799, 0.11593783
sensor values: 1.278291954056999E9:0.115081966, 0.7882874, 0.91297406
sensor values: 1.278291954057999E9:0.07621384, 0.5891844, 0.7277521
sensor values: 1.2782919540589988E9:0.14216316, 0.4954806, 0.5645705
sensor values: 1.2782919540599988E9:0.6815451, 0.08133978, 0.10510677
sensor values: 1.2782919540609987E9:0.75123495, 0.037091374, 0.33292347
sensor values: 1.2782919540619986E9:0.22095376, 0.6141931, 0.23007196
sensor values: 1.2782919540629985E9:0.50011754, 0.509699, 0.8475754
sensor values: 1.2782919540639985E9:0.1414482, 0.61606485, 0.43930817
sensor values: 1.2782919540649984E9:0.5868625, 0.59638524, 0.68469864
sensor values: 1.2782919540659983E9:0.8851593, 0.010238528, 0.019351244
sensor values: 1.2782919540669982E9:0.6930731, 0.036695957, 0.64931345
sensor values: 1.2782919540679982E9:0.84184563, 0.0583362, 0.6568071
sensor values: 1.278291954068998E9:0.7427863, 0.27215654, 0.9829365
sensor values: 1.278291954069998E9:0.23994237, 0.2507621, 0.036852717
sensor values: 1.278291954070998E9:0.41869265, 0.4384284, 0.2072658
sensor values: 1.278291954071998E9:0.22361946, 0.7967034, 0.663354
sensor values: 1.2782919540729978E9:0.25703657, 0.19239163, 0.8315544
sensor values: 1.2782919540739977E9:0.29114342, 0.9110569, 0.9900028
sensor values: 1.2782919540749977E9:0.22382939, 0.8345852, 0.00274086
sensor values: 1.2782919540759976E9:0.88185745, 0.086631775, 0.57328653
sensor values: 1.2782919540769975E9:0.35064876, 0.59716797, 0.23486048
sensor values: 1.2782919540779974E9:0.92957425, 0.8795268, 0.03243637
sensor values: 1.2782919540789974E9:0.8786819, 0.65867245, 0.64301646
sensor values: 1.2782919540799973E9:0.3470714, 0.73644483, 0.17409807
sensor values: 1.2782919540809972E9:0.88030267, 0.25692368, 0.5617652
sensor values: 1.2782919540819972E9:0.91878647, 0.5551491, 0.5433175
sensor values: 1.278291954082997E9:0.70236135, 0.128286, 0.72721785
sensor values: 1.278291954083997E9:0.26970994, 0.66526264, 0.013852358
sensor values: 1.278291954084997E9:0.62841666, 0.37389225, 0.04819733
sensor values: 1.2782919540859969E9:0.8604696, 0.82551855, 0.3847692
sensor values: 1.2782919540869968E9:0.3573544, 0.71839345, 0.28684348
sensor values: 1.2782919540879967E9:0.21893197, 0.61750406, 0.83803684
sensor values: 1.2782919540889966E9:0.30587912, 0.8288332, 0.6949798
sensor values: 1.2782919540899966E9:0.21881747, 0.91698974, 0.90235585
sensor values: 1.2782919540909965E9:0.5037042, 0.21549594, 0.8445697
sensor values: 1.2782919540919964E9:0.6195392, 0.8088676, 0.063720524
sensor values: 1.2782919540929964E9:0.91202545, 0.4384182, 0.9447193
sensor values: 1.2782919540939963E9:0.08374512, 0.7838306, 0.05618781
sensor values: 1.2782919540949962E9:0.13804811, 0.72201735, 0.58371377
sensor values: 1.2782919540959961E9:0.6377129, 0.19623256, 0.15958166
sensor values: 1.278291954096996E9:0.31407976, 0.4498517, 0.45032752
sensor values: 1.278291954097996E9:0.009672403, 0.66340387, 0.53188926
sensor values: 1.278291954098996E9:0.11469561, 0.340775, 0.12508857
sensor values: 1.2782919540999959E9:0.5799255, 0.6635247, 0.48271698
sensor values: 1.2782919541009958E9:0.8367655, 0.9523146, 0.662635
sensor values: 1.2782919541019957E9:0.52956545, 0.98501885, 0.50580955
sensor values: 1.2782919541029956E9:0.41684312, 0.26240396, 0.386881
sensor values: 1.2782919541039956E9:0.755146, 0.18650854, 0.13624042
sensor values: 1.2782919541049955E9:0.164222, 0.78527236, 0.9325689
sensor values: 1.2782919541059954E9:0.6577653, 0.556443, 0.12374985
sensor values: 1.2782919541069953E9:0.11130577, 0.7144791, 0.48495823
sensor values: 1.2782919541079953E9:0.8551365, 0.9553563, 0.38150024
sensor values: 1.2782919541089952E9:0.6821893, 0.09913397, 0.64628595
sensor values: 1.2782919541099951E9:0.25144458, 0.04870224, 0.31528574
sensor values: 1.278291954110995E9:0.4596843, 0.11703837, 0.503338
sensor values: 1.278291954111995E9:0.9900356, 0.20268732, 0.73814374
sensor values: 1.278291954112995E9:0.36945975, 0.12359297, 0.37563556
sensor values: 1.2782919541139948E9:0.68778384, 0.30067044, 0.5965314
sensor values: 1.2782919541149948E9:0.48694003, 0.77936053, 0.72452635
sensor values: 1.2782919541159947E9:0.25721782, 0.7989718, 0.10396236
sensor values: 1.2782919541169946E9:0.6840409, 0.24451691, 0.65186036
sensor values: 1.2782919541179945E9:0.16751176, 0.02337861, 0.22482759
sensor values: 1.2782919541189945E9:0.023547411, 0.31815583, 0.91347593
sensor values: 1.2782919541199944E9:0.47312504, 0.46349686, 0.54105985
sensor values: 1.2782919541209943E9:0.3908953, 0.9246441, 0.26242667
sensor values: 1.2782919541219943E9:0.6075241, 0.612658, 0.84313273
sensor values: 1.2782919541229942E9:0.17274708, 0.47565866, 0.96286285
sensor values: 1.278291954123994E9:0.73482144, 0.10863662, 0.118876934
sensor values: 1.278291954124994E9:0.6134717, 0.74163, 0.6685566
sensor values: 1.278291954125994E9:0.61499536, 0.09972954, 0.39551234
sensor values: 1.278291954126994E9:0.6273107, 0.26217413, 0.45642334
sensor values: 1.2782919541279938E9:0.24670327, 0.5334595, 0.73833275
sensor values: 1.2782919541289937E9:0.33882904, 0.19608027, 0.46804738
sensor values: 1.2782919541299937E9:0.31869447, 0.7641274, 0.08560932
sensor values: 1.2782919541309936E9:0.82241285, 0.98304355, 0.9258011
sensor values: 1.2782919541319935E9:0.21626776, 0.53962916, 0.84202963
sensor values: 1.2782919541329935E9:0.30368602, 0.47089607, 0.7423242
sensor values: 1.2782919541339934E9:0.7929678, 0.6926973, 0.8867321
sensor values: 1.2782919541349933E9:0.5988153, 0.17322224, 0.058671772
sensor values: 1.2782919541359932E9:0.13114977, 0.92236555, 0.54721445
sensor values: 1.2782919541369932E9:0.38326538, 0.9322114, 0.57074624
sensor values: 1.278291954137993E9:0.6657823, 0.04255408, 0.16652626
sensor values: 1.278291954138993E9:0.6341145, 0.23906559, 0.2651648
sensor values: 1.278291954139993E9:0.83968556, 0.54056275, 0.021978557
sensor values: 1.2782919541409929E9:0.90279573, 0.45395094, 0.14575535
sensor values: 1.2782919541419928E9:0.020933151, 0.014372945, 0.3542478
sensor values: 1.2782919541429927E9:0.13416815, 0.47871834, 0.5884764
sensor values: 1.2782919541439927E9:0.20284754, 0.37602144, 0.90885395
sensor values: 1.2782919541449926E9:0.40880078, 0.14700538, 0.44062817
sensor values: 1.2782919541459925E9:0.44948965, 0.48418355, 0.9194826
sensor values: 1.2782919541469924E9:0.15125352, 0.44880134, 0.3261425
sensor values: 1.2782919541479924E9:0.7221774, 0.71952623, 0.628257
sensor values: 1.2782919541489923E9:0.4490443, 0.47649032, 0.6628946
sensor values: 1.2782919541499922E9:0.6871276, 0.90524334, 0.83466166
sensor values: 1.2782919541509922E9:0.8836606, 0.49186414, 0.1421544
sensor values: 1.278291954151992E9:0.20386708, 0.17293727, 0.35874337



------------


20, 100, 2.09
sensor values: 1.278291954152992E9:0.5007768, 0.17469168, 0.15079087
sensor values: 1.278291954153992E9:0.59941226, 0.8642928, 0.91870296
sensor values: 1.2782919541549919E9:0.6212846, 0.80917656, 0.23777974
sensor values: 1.2782919541559918E9:0.84280896, 0.31771106, 0.08024478
sensor values: 1.2782919541569917E9:0.9006944, 0.59314364, 0.5516815
sensor values: 1.2782919541579916E9:0.80044425, 0.55560267, 0.18622512
sensor values: 1.2782919541589916E9:0.8257478, 0.22658622, 0.010784268
sensor values: 1.2782919541599915E9:0.92355245, 0.6918176, 0.015709817
sensor values: 1.2782919541609914E9:0.12009072, 0.8967511, 0.15885127
sensor values: 1.2782919541619914E9:0.16254413, 0.27816188, 0.40856957
sensor values: 1.2782919541629913E9:0.5983994, 0.77398515, 0.87831557
sensor values: 1.2782919541639912E9:0.8808221, 0.14376771, 0.14809889
sensor values: 1.2782919541649911E9:0.0077548623, 0.6697408, 0.009433985
sensor values: 1.278291954165991E9:0.19367957, 0.8319414, 0.3037485
sensor values: 1.278291954166991E9:0.40635204, 0.19487005, 0.7369454
sensor values: 1.278291954167991E9:0.655616, 0.9336618, 0.80258304
sensor values: 1.2782919541689909E9:0.31331104, 0.38317388, 0.5789005
sensor values: 1.2782919541699908E9:0.31986076, 0.7136051, 0.05869353
sensor values: 1.2782919541709907E9:0.051021993, 0.38191283, 0.16259873
sensor values: 1.2782919541719906E9:0.9608242, 0.8504516, 0.9440474
sensor values: 1.2782919541729906E9:0.38635713, 0.74431306, 0.69822776
sensor values: 1.2782919541739905E9:0.6533405, 0.22488397, 0.61698216
sensor values: 1.2782919541749904E9:0.105326, 0.654595, 0.5510163
sensor values: 1.2782919541759903E9:0.24157637, 0.5699773, 0.2704559
sensor values: 1.2782919541769903E9:0.0127571225, 0.10872412, 0.20474553
sensor values: 1.2782919541779902E9:0.79264224, 0.80204237, 0.37860197
sensor values: 1.2782919541789901E9:0.27901644, 0.4599123, 0.21307641
sensor values: 1.27829195417999E9:0.2108059, 0.93219095, 0.10301548
sensor values: 1.27829195418099E9:0.8489729, 0.95789623, 0.08722049
sensor values: 1.27829195418199E9:0.57253915, 0.9557541, 0.61718905
sensor values: 1.2782919541829898E9:0.74522984, 0.9878945, 0.075185895
sensor values: 1.2782919541839898E9:0.9623494, 0.44505244, 0.75099397
sensor values: 1.2782919541849897E9:0.4079557, 0.42154676, 0.75486535
sensor values: 1.2782919541859896E9:0.7433658, 0.43997413, 0.15834314
sensor values: 1.2782919541869895E9:0.45820338, 0.8980672, 0.30885643
sensor values: 1.2782919541879895E9:0.83669335, 0.28802758, 0.52596587
sensor values: 1.2782919541889894E9:0.4547978, 0.11968064, 0.037915826
sensor values: 1.2782919541899893E9:0.13854069, 0.5181041, 0.23573065
sensor values: 1.2782919541909893E9:0.9796482, 0.6957274, 0.5007133
sensor values: 1.2782919541919892E9:0.634529, 0.28543466, 0.0075415373
sensor values: 1.278291954192989E9:0.5153982, 0.30180752, 0.58783156
sensor values: 1.278291954193989E9:0.612909, 0.19635832, 0.17728823
sensor values: 1.278291954194989E9:0.61122715, 0.66962, 0.059100807
sensor values: 1.278291954195989E9:0.05874014, 0.6289538, 0.927501
sensor values: 1.2782919541969888E9:0.87450904, 0.6282797, 0.1960578
sensor values: 1.2782919541979887E9:0.5753211, 0.8885528, 0.82134044
sensor values: 1.2782919541989887E9:0.4890927, 0.89376354, 0.48010427
sensor values: 1.2782919541999886E9:0.7063715, 0.6636999, 0.09580696
sensor values: 1.2782919542009885E9:0.43777865, 0.6521556, 0.8840111
sensor values: 1.2782919542019885E9:0.26646948, 0.3637674, 0.64313644
sensor values: 1.2782919542029884E9:0.25401056, 0.8411279, 0.01751846
sensor values: 1.2782919542039883E9:0.7404176, 0.41198713, 0.8911863
sensor values: 1.2782919542049882E9:0.5122378, 0.47186393, 0.36029083
sensor values: 1.2782919542059882E9:0.56402683, 0.8180349, 0.22935975
sensor values: 1.278291954206988E9:0.47210544, 0.18784678, 0.7307572
sensor values: 1.278291954207988E9:0.93072325, 0.026299, 0.7787035
sensor values: 1.278291954208988E9:0.38690066, 0.40965176, 0.005191684
sensor values: 1.2782919542099879E9:0.34502155, 0.17233866, 0.3866043
sensor values: 1.2782919542109878E9:0.8859797, 0.48275155, 0.9439793
sensor values: 1.2782919542119877E9:0.8695632, 0.35539615, 0.19172072
sensor values: 1.2782919542129877E9:0.3949796, 0.37463576, 0.07291609
sensor values: 1.2782919542139876E9:0.6605222, 0.010070741, 0.14656186
sensor values: 1.2782919542149875E9:0.047500074, 0.39421695, 0.8202614
sensor values: 1.2782919542159874E9:0.31810832, 0.8267098, 0.56745666
sensor values: 1.2782919542169874E9:0.3461995, 0.66040653, 0.42833918
sensor values: 1.2782919542179873E9:0.8372942, 0.06541324, 0.74450904
sensor values: 1.2782919542189872E9:0.8799364, 0.14746815, 0.12728333
sensor values: 1.2782919542199872E9:0.22439724, 0.93031067, 0.79249257
sensor values: 1.278291954220987E9:0.12579846, 0.84559566, 0.22202033
sensor values: 1.278291954221987E9:0.3192448, 0.60692537, 0.22929454
sensor values: 1.278291954222987E9:0.18074739, 0.75033283, 0.7959159
sensor values: 1.2782919542239869E9:0.5429194, 0.5053192, 0.2823817
sensor values: 1.2782919542249868E9:0.26933318, 0.67352235, 0.30301684
sensor values: 1.2782919542259867E9:0.5991679, 0.034391046, 0.31493062
sensor values: 1.2782919542269866E9:0.18390167, 0.44054174, 0.60987365
sensor values: 1.2782919542279866E9:0.57362115, 0.5335191, 0.17022371
sensor values: 1.2782919542289865E9:0.20206451, 0.91777676, 0.456949
sensor values: 1.2782919542299864E9:0.01638174, 0.23753256, 0.93051887
sensor values: 1.2782919542309864E9:0.71333164, 0.036554396, 0.23216832
sensor values: 1.2782919542319863E9:0.78913105, 0.22640544, 0.9417715
sensor values: 1.2782919542329862E9:0.9505537, 0.35003817, 0.3040666
sensor values: 1.2782919542339861E9:0.85305274, 0.8277138, 0.3628645
sensor values: 1.278291954234986E9:0.5724476, 0.14687037, 0.8007912
sensor values: 1.278291954235986E9:0.62016165, 0.32457787, 0.45531887
sensor values: 1.278291954236986E9:0.72359633, 0.74210244, 0.70053995
sensor values: 1.2782919542379858E9:0.942917, 0.93281657, 0.03292674
sensor values: 1.2782919542389858E9:0.008475423, 0.397106, 0.89955634
sensor values: 1.2782919542399857E9:0.17918211, 0.92028594, 0.7961256
sensor values: 1.2782919542409856E9:0.16057909, 0.0054242015, 0.041974247
sensor values: 1.2782919542419856E9:0.5992245, 0.3850186, 0.5932538
sensor values: 1.2782919542429855E9:0.9789826, 0.42387158, 0.8274271
sensor values: 1.2782919542439854E9:0.60222626, 0.9574257, 0.30720168
sensor values: 1.2782919542449853E9:0.95796335, 0.91974765, 0.9917297
sensor values: 1.2782919542459853E9:0.8093889, 0.48455387, 0.89067024
sensor values: 1.2782919542469852E9:0.62995, 0.61065555, 0.60736823
sensor values: 1.2782919542479851E9:0.43065017, 0.2851405, 0.42748898
sensor values: 1.278291954248985E9:0.31844193, 0.67077756, 0.85290736
sensor values: 1.278291954249985E9:0.36425906, 0.10238916, 0.29051554
sensor values: 1.278291954250985E9:0.70314777, 0.7013535, 0.059634507
sensor values: 1.2782919542519848E9:0.013187408, 0.6525182, 0.46833158
sensor values: 1.2782919542529848E9:0.39133477, 0.5203601, 0.3110904
sensor values: 1.2782919542539847E9:0.46923685, 0.31317377, 0.21133661
sensor values: 1.2782919542549846E9:0.34275973, 0.11651033, 0.83961964
sensor values: 1.2782919542559845E9:0.23006684, 0.97821647, 0.029960155
sensor values: 1.2782919542569845E9:0.8653012, 0.20821989, 0.3187397
sensor values: 1.2782919542579844E9:0.79861873, 0.5082646, 0.44965255
sensor values: 1.2782919542589843E9:0.018929064, 0.15736067, 0.54152304
sensor values: 1.2782919542599843E9:0.29341447, 0.24006695, 0.5587617
sensor values: 1.2782919542609842E9:0.7731461, 0.14072704, 0.9295494
sensor values: 1.278291954261984E9:0.32640576, 0.61790437, 0.8826555
sensor values: 1.278291954262984E9:0.5653081, 0.25184256, 0.5900785
sensor values: 1.278291954263984E9:0.0017001033, 0.27006608, 0.27746427
sensor values: 1.278291954264984E9:0.6204588, 0.4901008, 0.36444128
sensor values: 1.2782919542659838E9:0.31611037, 0.6219462, 0.49376905
sensor values: 1.2782919542669837E9:0.9092851, 0.960272, 0.5867629
sensor values: 1.2782919542679837E9:0.58252376, 0.95828813, 0.88501006
sensor values: 1.2782919542689836E9:0.2614861, 0.10944539, 0.17698944
sensor values: 1.2782919542699835E9:0.8454129, 0.5094295, 0.86502594
sensor values: 1.2782919542709835E9:0.21222395, 0.89852285, 0.30695242
sensor values: 1.2782919542719834E9:0.28135663, 0.94816387, 0.5686798
sensor values: 1.2782919542729833E9:0.73283285, 0.6894616, 0.24603808
sensor values: 1.2782919542739832E9:0.24234653, 0.67777926, 0.48628545
sensor values: 1.2782919542749832E9:0.3220353, 0.8824655, 0.5324858
sensor values: 1.278291954275983E9:0.69961876, 0.91263646, 0.8426819
sensor values: 1.278291954276983E9:0.093490124, 0.037884414, 0.35262358
sensor values: 1.278291954277983E9:0.9283756, 0.97072875, 0.5313022
sensor values: 1.2782919542789829E9:0.64534706, 0.07505345, 0.081484556
sensor values: 1.2782919542799828E9:0.78123206, 0.23769403, 0.916542
sensor values: 1.2782919542809827E9:0.39289498, 0.37081593, 0.17691231
sensor values: 1.2782919542819827E9:0.8075074, 0.027965963, 0.40337187
sensor values: 1.2782919542829826E9:0.4794479, 0.39965653, 0.6048779
sensor values: 1.2782919542839825E9:0.44194388, 0.1928193, 0.89169437
sensor values: 1.2782919542849824E9:0.24115795, 0.35620284, 0.79298234
sensor values: 1.2782919542859824E9:0.46353233, 0.85603064, 0.039379418
sensor values: 1.2782919542869823E9:0.19744152, 0.9397578, 0.15708798
sensor values: 1.2782919542879822E9:0.45156622, 0.9574962, 0.3210398
sensor values: 1.2782919542889822E9:0.24058938, 0.5556551, 0.74353606
sensor values: 1.278291954289982E9:0.7806135, 0.8856011, 0.033100307
sensor values: 1.278291954290982E9:0.3804145, 0.99255323, 0.026316285
sensor values: 1.278291954291982E9:0.058977664, 0.70395786, 0.07611865
sensor values: 1.2782919542929819E9:0.26789886, 0.2554112, 0.87604797
sensor values: 1.2782919542939818E9:0.9835832, 0.7208186, 0.37097126
sensor values: 1.2782919542949817E9:0.44902694, 0.19579524, 0.49678135
sensor values: 1.2782919542959816E9:0.40833437, 0.04810202, 0.12905878
sensor values: 1.2782919542969816E9:0.3940062, 0.26618773, 0.63380146
sensor values: 1.2782919542979815E9:0.5981837, 0.13690317, 0.4125378
sensor values: 1.2782919542989814E9:0.7092913, 0.063762605, 0.8894091
sensor values: 1.2782919542999814E9:0.36934066, 0.79658115, 0.6475693
sensor values: 1.2782919543009813E9:0.07473689, 0.5824453, 0.97151464
sensor values: 1.2782919543019812E9:0.09971142, 0.07758361, 0.56157374
sensor values: 1.2782919543029811E9:0.1232869, 0.0067360997, 0.52657044
sensor values: 1.278291954303981E9:0.5034334, 0.9964885, 0.64381284
sensor values: 1.278291954304981E9:0.23159295, 0.22367477, 0.54193026
sensor values: 1.278291954305981E9:0.4895686, 0.7377478, 0.40248322
sensor values: 1.2782919543069808E9:0.9094329, 0.6729193, 0.93755805
sensor values: 1.2782919543079808E9:0.44199812, 0.777209, 0.53173435
sensor values: 1.2782919543089807E9:0.4174946, 0.7049451, 0.047348976
sensor values: 1.2782919543099806E9:0.19843817, 0.69252974, 0.38195992
sensor values: 1.2782919543109806E9:0.117334425, 0.2433455, 0.27105433
sensor values: 1.2782919543119805E9:0.56479925, 0.5386238, 0.09894669
sensor values: 1.2782919543129804E9:0.48744237, 0.39432257, 0.42351645
sensor values: 1.2782919543139803E9:0.3444106, 0.21449167, 0.031773865
sensor values: 1.2782919543149803E9:0.19214058, 0.17679906, 0.22466749
sensor values: 1.2782919543159802E9:0.06108588, 0.34710217, 0.15205324
sensor values: 1.2782919543169801E9:0.98740435, 0.17590672, 0.8117713
sensor values: 1.27829195431798E9:0.803503, 0.7776919, 0.31065375
sensor values: 1.27829195431898E9:0.81018573, 0.1878866, 0.9149165
sensor values: 1.27829195431998E9:0.9286157, 0.34607124, 0.058680296
sensor values: 1.2782919543209798E9:0.8647051, 0.9360481, 0.5525754
sensor values: 1.2782919543219798E9:0.90459853, 0.5127098, 0.6190666
sensor values: 1.2782919543229797E9:0.7331918, 0.83871734, 0.67838573
sensor values: 1.2782919543239796E9:0.3352911, 0.95132565, 0.49271458
sensor values: 1.2782919543249795E9:0.47748035, 0.18560624, 0.90747213
sensor values: 1.2782919543259795E9:0.013748229, 0.3909378, 0.059680223
sensor values: 1.2782919543269794E9:0.37861156, 0.7216717, 0.36009508
sensor values: 1.2782919543279793E9:0.8242546, 0.19686711, 0.3454045
sensor values: 1.2782919543289793E9:0.23643202, 0.8035323, 0.07954395
sensor values: 1.2782919543299792E9:0.29374808, 0.8798497, 0.3997243
sensor values: 1.278291954330979E9:0.25931263, 0.5428022, 0.8617678
sensor values: 1.278291954331979E9:0.7980717, 0.9235929, 0.24506009
sensor values: 1.278291954332979E9:0.40561742, 0.28916603, 0.7813252
sensor values: 1.278291954333979E9:0.5305286, 0.03307873, 0.18249327
sensor values: 1.2782919543349788E9:0.4116081, 0.51474977, 0.60330814
sensor values: 1.2782919543359787E9:0.45481145, 0.39357972, 0.72992706
sensor values: 1.2782919543369787E9:0.58616036, 0.81682855, 0.004995644
sensor values: 1.2782919543379786E9:0.9216519, 0.6289406, 0.4489141
sensor values: 1.2782919543389785E9:0.64590055, 0.9137708, 0.71751064
sensor values: 1.2782919543399785E9:0.17409807, 0.18442976, 0.4371426
sensor values: 1.2782919543409784E9:0.5327634, 0.7428639, 0.4280522
sensor values: 1.2782919543419783E9:0.98445255, 0.32682675, 0.40333217
sensor values: 1.2782919543429782E9:0.6425488, 0.82353604, 0.7322443
sensor values: 1.2782919543439782E9:0.24207872, 0.9229049, 0.8471075
sensor values: 1.278291954344978E9:0.14231384, 0.39039576, 0.668406
sensor values: 1.278291954345978E9:0.4193099, 0.5103783, 0.09925187
sensor values: 1.278291954346978E9:0.03500104, 0.4016266, 0.78691596
sensor values: 1.2782919543479779E9:0.66015303, 0.09101462, 0.09560418
sensor values: 1.2782919543489778E9:0.5006488, 0.97076136, 0.25024015
sensor values: 1.2782919543499777E9:0.5613045, 0.7765894, 0.26136017
sensor values: 1.2782919543509777E9:0.11514753, 0.18285143, 0.03110969
sensor values: 1.2782919543519776E9:0.674524, 0.051347256, 0.120907545
sensor values: 1.2782919543529775E9:0.6809955, 0.3547756, 0.004622638
sensor values: 1.2782919543539774E9:0.4720621, 0.01743722, 0.80230266
sensor values: 1.2782919543549774E9:0.3389843, 0.24323446, 0.32249725
sensor values: 1.2782919543559773E9:0.08532882, 0.84662503, 0.2322008
sensor values: 1.2782919543569772E9:0.8184349, 0.21545243, 0.789809
sensor values: 1.2782919543579772E9:0.31078285, 0.9411036, 0.46079034
sensor values: 1.278291954358977E9:0.5651867, 0.55325514, 0.097356856
sensor values: 1.278291954359977E9:0.5103187, 0.72048193, 0.89792305
sensor values: 1.278291954360977E9:0.7110112, 0.38223708, 0.94276583
sensor values: 1.2782919543619769E9:0.22401124, 0.26854753, 0.4779744
sensor values: 1.2782919543629768E9:0.8205677, 0.6590196, 0.8586526
sensor values: 1.2782919543639767E9:0.67570907, 0.655938, 0.7842157
sensor values: 1.2782919543649766E9:0.5512797, 0.30271286, 0.067469895
sensor values: 1.2782919543659766E9:0.99923056, 0.9026668, 0.95980424
sensor values: 1.2782919543669765E9:0.23453075, 0.35271585, 0.0013036132
sensor values: 1.2782919543679764E9:0.74468774, 0.24298692, 0.4972533
sensor values: 1.2782919543689764E9:0.2129665, 0.4505608, 0.41310477
sensor values: 1.2782919543699763E9:0.3263374, 0.14550471, 0.83431834
sensor values: 1.2782919543709762E9:0.7337704, 0.18307465, 0.16908354
sensor values: 1.2782919543719761E9:0.35282737, 0.55950415, 0.06866789
sensor values: 1.278291954372976E9:0.0061995387, 0.66955537, 0.71691203
sensor values: 1.278291954373976E9:0.9388219, 0.6872327, 0.3164227
sensor values: 1.278291954374976E9:0.73726934, 0.26358372, 0.3689816
sensor values: 1.2782919543759758E9:0.7518288, 0.4070819, 0.4871015
sensor values: 1.2782919543769758E9:0.78104115, 0.5457391, 0.4870262
sensor values: 1.2782919543779757E9:0.6952684, 0.12166309, 0.9224756
sensor values: 1.2782919543789756E9:0.7730851, 0.65874976, 0.12264907
sensor values: 1.2782919543799756E9:0.543044, 0.5965346, 0.83463585
sensor values: 1.2782919543809755E9:0.3717394, 0.3686725, 0.019399762
sensor values: 1.2782919543819754E9:0.89071006, 0.27889365, 0.13858652
sensor values: 1.2782919543829753E9:0.9699012, 0.76148653, 0.8359387
sensor values: 1.2782919543839753E9:0.3563745, 0.1722042, 0.19478959
sensor values: 1.2782919543849752E9:0.4115491, 0.41471815, 0.20353085
sensor values: 1.2782919543859751E9:0.6323871, 0.68779874, 0.317487
sensor values: 1.278291954386975E9:0.30959707, 0.15933758, 0.7510999
sensor values: 1.278291954387975E9:0.36658585, 0.62971073, 0.116179645
sensor values: 1.278291954388975E9:0.6478481, 0.6694764, 0.33215863
sensor values: 1.2782919543899748E9:0.8984273, 0.080284536, 0.6585601
sensor values: 1.2782919543909748E9:0.39829373, 0.96219, 0.605851
sensor values: 1.2782919543919747E9:0.2778495, 0.6826976, 0.24691075
sensor values: 1.2782919543929746E9:0.79665405, 0.6334106, 0.6327646
sensor values: 1.2782919543939745E9:0.14061838, 0.47570765, 0.7854091
sensor values: 1.2782919543949745E9:0.09297246, 0.9147568, 0.8626477
sensor values: 1.2782919543959744E9:0.81034386, 0.81904596, 0.80026114
sensor values: 1.2782919543969743E9:0.30098456, 0.12692064, 0.26037216
sensor values: 1.2782919543979743E9:0.76037014, 0.09719533, 0.46836877
sensor values: 1.2782919543989742E9:0.36372006, 0.6256238, 0.8526838
sensor values: 1.278291954399974E9:0.42379934, 0.3389861, 0.82013005
sensor values: 1.278291954400974E9:0.8146149, 0.5530582, 0.69291186
sensor values: 1.278291954401974E9:0.043652534, 0.09073961, 0.11065626
sensor values: 1.278291954402974E9:0.26718867, 0.24017346, 0.77457994
sensor values: 1.2782919544039738E9:0.067625284, 0.35390097, 0.12972307
sensor values: 1.2782919544049737E9:0.8968679, 0.58401567, 0.24780852
sensor values: 1.2782919544059737E9:0.7964902, 0.7711916, 0.31333554
sensor values: 1.2782919544069736E9:0.32859862, 0.99319226, 0.42877287
sensor values: 1.2782919544079735E9:0.8832451, 0.14714885, 0.2606839
sensor values: 1.2782919544089735E9:0.95969516, 0.8296265, 0.17134762
sensor values: 1.2782919544099734E9:0.8847285, 0.2943511, 0.9147144
sensor values: 1.2782919544109733E9:0.18557012, 0.47129232, 0.19614112
sensor values: 1.2782919544119732E9:0.65091026, 0.6430727, 0.2608044
sensor values: 1.2782919544129732E9:0.49941355, 0.51242715, 0.055040717
sensor values: 1.278291954413973E9:0.60435057, 0.24829757, 0.54488206
sensor values: 1.278291954414973E9:0.22962874, 0.56514794, 0.7835814
sensor values: 1.278291954415973E9:0.19184488, 0.51800865, 0.8019189
sensor values: 1.2782919544169729E9:0.72537774, 0.22626394, 0.30426544
sensor values: 1.2782919544179728E9:0.5426111, 0.5263915, 0.7983499
sensor values: 1.2782919544189727E9:0.6171402, 0.013585806, 0.9696566
sensor values: 1.2782919544199727E9:0.15026122, 0.7224472, 0.48783177
sensor values: 1.2782919544209726E9:0.8792834, 0.37777072, 0.8569187
sensor values: 1.2782919544219725E9:0.63349676, 0.95480543, 0.3816117
sensor values: 1.2782919544229724E9:0.32183665, 0.94922584, 0.15901905
sensor values: 1.2782919544239724E9:0.5036187, 0.10579127, 0.2742474
sensor values: 1.2782919544249723E9:0.443784, 0.20795977, 0.1410706
sensor values: 1.2782919544259722E9:0.058262885, 0.8242226, 0.98416305
sensor values: 1.2782919544269722E9:0.5114958, 0.80902016, 0.2733842
sensor values: 1.278291954427972E9:0.6203882, 0.16802925, 0.8346418
sensor values: 1.278291954428972E9:0.54910773, 0.34219658, 0.4223976
sensor values: 1.278291954429972E9:0.63463026, 0.65303165, 0.5192932
sensor values: 1.2782919544309719E9:0.08161688, 0.5298959, 0.007094741
sensor values: 1.2782919544319718E9:0.7113215, 0.16410798, 0.9606884
sensor values: 1.2782919544329717E9:0.7922041, 0.5203878, 0.76064503
sensor values: 1.2782919544339716E9:0.31512368, 0.98190105, 0.82481104
sensor values: 1.2782919544349716E9:0.5333555, 0.8138752, 0.0038378835
sensor values: 1.2782919544359715E9:0.5334732, 0.29922843, 0.3929522
sensor values: 1.2782919544369714E9:0.33482236, 0.5865802, 0.04002297
sensor values: 1.2782919544379714E9:0.36136186, 0.6703491, 0.86571586
sensor values: 1.2782919544389713E9:0.89017373, 0.9195074, 0.1743046
sensor values: 1.2782919544399712E9:0.30852312, 0.25346, 0.10370022
sensor values: 1.2782919544409711E9:0.10440391, 0.46152282, 0.21616364
sensor values: 1.278291954441971E9:0.9590766, 0.29753882, 0.07445449
sensor values: 1.278291954442971E9:0.0906263, 0.46504503, 0.3883319
sensor values: 1.278291954443971E9:0.032707155, 0.92310566, 0.062315166
sensor values: 1.2782919544449708E9:0.603695, 0.8481153, 0.5213158
sensor values: 1.2782919544459708E9:0.31736058, 0.734082, 0.25548756
sensor values: 1.2782919544469707E9:0.3408388, 0.95826197, 0.7145424
sensor values: 1.2782919544479706E9:0.8811839, 0.9596576, 0.01530087
sensor values: 1.2782919544489706E9:0.7698804, 0.9149685, 0.8634598
sensor values: 1.2782919544499705E9:0.28109175, 0.48058844, 0.6969548
sensor values: 1.2782919544509704E9:0.56128347, 0.58974475, 0.43025607
sensor values: 1.2782919544519703E9:0.8630977, 0.3048504, 0.21444875
sensor values: 1.2782919544529703E9:0.3994996, 0.42632955, 0.75199944
sensor values: 1.2782919544539702E9:0.8505038, 0.80285794, 0.9227002
sensor values: 1.2782919544549701E9:0.10455912, 0.42936778, 0.22845048
sensor values: 1.27829195445597E9:0.55498743, 0.5764923, 0.28251112
sensor values: 1.27829195445697E9:0.3684963, 0.41803902, 0.47501016
sensor values: 1.27829195445797E9:0.71620417, 0.23318166, 0.20407969
sensor values: 1.2782919544589698E9:0.8745478, 0.78483766, 0.56009746
sensor values: 1.2782919544599698E9:0.8414545, 0.4530825, 0.2666574
sensor values: 1.2782919544609697E9:0.5839281, 0.9115205, 0.8674523
sensor values: 1.2782919544619696E9:0.498173, 0.46176904, 0.2759869
sensor values: 1.2782919544629695E9:0.34742308, 0.6488889, 0.3820129
sensor values: 1.2782919544639695E9:0.50692195, 0.46869695, 0.19394398
sensor values: 1.2782919544649694E9:0.77093226, 0.58548534, 0.25742704
sensor values: 1.2782919544659693E9:0.1368953, 0.6807855, 0.08044785
sensor values: 1.2782919544669693E9:0.52079445, 0.9570374, 0.8544829
sensor values: 1.2782919544679692E9:0.056561887, 0.18064064, 0.20471674
sensor values: 1.278291954468969E9:0.6507138, 0.23433727, 0.20396912
sensor values: 1.278291954469969E9:0.18412769, 0.8442032, 0.13084751
sensor values: 1.278291954470969E9:0.7224097, 0.6767201, 0.73082477
sensor values: 1.278291954471969E9:0.77557635, 0.06267202, 0.24090403
sensor values: 1.2782919544729688E9:0.23715258, 0.10136086, 0.5749196
sensor values: 1.2782919544739687E9:0.23711324, 0.20731956, 0.7591719
sensor values: 1.2782919544749687E9:0.45232016, 0.47402626, 0.3935243
sensor values: 1.2782919544759686E9:0.16340011, 0.7423411, 0.74501026
sensor values: 1.2782919544769685E9:0.16507244, 0.32370806, 0.7213542
sensor values: 1.2782919544779685E9:0.6574311, 0.6574619, 0.008221865
sensor values: 1.2782919544789684E9:0.954618, 0.07578033, 0.16885537
sensor values: 1.2782919544799683E9:0.07434386, 0.112653255, 0.36764818
sensor values: 1.2782919544809682E9:0.5655882, 0.22687107, 0.83450186
sensor values: 1.2782919544819682E9:0.015078843, 0.34851366, 0.8631349
sensor values: 1.278291954482968E9:0.1935423, 0.22907335, 0.7535065
sensor values: 1.278291954483968E9:0.15187782, 0.16075999, 0.06887239
sensor values: 1.278291954484968E9:0.7859495, 0.69254047, 0.605071
sensor values: 1.2782919544859679E9:0.44768786, 0.7222919, 0.4061393
sensor values: 1.2782919544869678E9:0.005053282, 0.9209327, 0.23165494
sensor values: 1.2782919544879677E9:0.12520283, 0.05894047, 0.5604996
sensor values: 1.2782919544889677E9:0.5849985, 0.35115552, 0.61079997
sensor values: 1.2782919544899676E9:0.6686907, 0.21466607, 0.021562636
sensor values: 1.2782919544909675E9:0.80439746, 0.86802197, 0.27746534
sensor values: 1.2782919544919674E9:0.8308898, 0.629413, 0.89900327
sensor values: 1.2782919544929674E9:0.55219656, 0.6466005, 0.23761243
sensor values: 1.2782919544939673E9:0.5883953, 0.48821354, 0.092876494
sensor values: 1.2782919544949672E9:0.7326178, 0.12730199, 0.11383742
sensor values: 1.2782919544959671E9:0.18797201, 0.93250215, 0.37429458
sensor values: 1.278291954496967E9:0.7389823, 0.5347992, 0.67912775
sensor values: 1.278291954497967E9:0.11675477, 0.4500963, 0.51002926
sensor values: 1.278291954498967E9:0.13465446, 0.46755642, 0.63046175
sensor values: 1.2782919544999669E9:0.9726159, 0.6297764, 0.118487716
sensor values: 1.2782919545009668E9:0.5561796, 0.5316984, 0.67895544
sensor values: 1.2782919545019667E9:0.43149692, 0.25703663, 0.45540679
sensor values: 1.2782919545029666E9:0.8772732, 0.12957609, 0.6093057
sensor values: 1.2782919545039666E9:0.9609113, 0.36671728, 0.09718168
sensor values: 1.2782919545049665E9:0.18986386, 0.26247495, 0.18507248
sensor values: 1.2782919545059664E9:0.85243005, 0.99146926, 0.24426222
sensor values: 1.2782919545069664E9:0.069548845, 0.087448, 0.2293638
sensor values: 1.2782919545079663E9:0.6098281, 0.6144137, 0.15736234
sensor values: 1.2782919545089662E9:0.2894591, 0.49779117, 0.21490657
sensor values: 1.2782919545099661E9:0.04126817, 0.33621395, 0.7660247
sensor values: 1.278291954510966E9:0.05941242, 0.49954087, 0.2500661
sensor values: 1.278291954511966E9:0.8732691, 0.85220945, 0.45108223
sensor values: 1.278291954512966E9:0.76419, 0.731467, 0.7071518
sensor values: 1.2782919545139658E9:0.9221928, 0.860799, 0.28408748
sensor values: 1.2782919545149658E9:0.19859487, 0.84701735, 0.43870968
sensor values: 1.2782919545159657E9:0.37057567, 0.2930435, 0.9898402
sensor values: 1.2782919545169656E9:0.82506025, 0.66583294, 0.4198413
sensor values: 1.2782919545179656E9:0.91445035, 0.05168897, 0.9028827
sensor values: 1.2782919545189655E9:0.33129936, 0.23851174, 0.7056158
sensor values: 1.2782919545199654E9:0.978851, 0.41467452, 0.015157878
sensor values: 1.2782919545209653E9:0.17633164, 0.95693064, 0.46617293
sensor values: 1.2782919545219653E9:0.5042902, 0.9213259, 0.9735832
sensor values: 1.2782919545229652E9:0.5396237, 0.49734038, 0.9447287
sensor values: 1.2782919545239651E9:0.96996725, 0.7117022, 0.79721695
sensor values: 1.278291954524965E9:0.59948653, 0.33418542, 0.5367848
sensor values: 1.278291954525965E9:0.12609094, 0.47665244, 0.5767769
sensor values: 1.278291954526965E9:0.62600505, 0.22449106, 0.009764254
sensor values: 1.2782919545279648E9:0.19191313, 0.40829885, 0.9434241
sensor values: 1.2782919545289648E9:0.29968888, 0.77259123, 0.40074766
sensor values: 1.2782919545299647E9:0.8350641, 0.93559086, 0.15698677
sensor values: 1.2782919545309646E9:0.6190425, 0.87576437, 0.4588579
sensor values: 1.2782919545319645E9:0.057873547, 0.43722826, 0.1571446
sensor values: 1.2782919545329645E9:0.8750142, 0.9561245, 0.80297905
sensor values: 1.2782919545339644E9:0.44683582, 0.87813073, 0.47687215
sensor values: 1.2782919545349643E9:0.22758836, 0.6307919, 0.405388
sensor values: 1.2782919545359643E9:0.48265827, 0.098808646, 0.025182664
sensor values: 1.2782919545369642E9:0.8067603, 0.44719046, 0.26298285
sensor values: 1.278291954537964E9:0.099692464, 0.39491433, 0.56712604
sensor values: 1.278291954538964E9:0.34700537, 0.13808936, 0.86009914
sensor values: 1.278291954539964E9:0.54422283, 0.25011247, 0.019374788
sensor values: 1.278291954540964E9:0.99893403, 0.058456123, 0.6430219
sensor values: 1.2782919545419638E9:0.51745784, 0.24758583, 0.95215553
sensor values: 1.2782919545429637E9:0.13334113, 0.063535154, 0.5399969
sensor values: 1.2782919545439637E9:0.8693414, 0.16038877, 0.70823973
sensor values: 1.2782919545449636E9:0.26984066, 0.12233633, 0.29169142
sensor values: 1.2782919545459635E9:0.36580908, 0.4381219, 0.48412305
sensor values: 1.2782919545469635E9:0.73263043, 0.26630825, 0.06231731
sensor values: 1.2782919545479634E9:0.29016542, 0.80833125, 0.7212371
sensor values: 1.2782919545489633E9:0.33129406, 0.053482354, 0.4143653
sensor values: 1.2782919545499632E9:0.80019593, 0.8647163, 0.8932625
sensor values: 1.2782919545509632E9:0.89473695, 0.68983954, 0.406125
sensor values: 1.278291954551963E9:0.6074659, 0.12965286, 0.36991173
sensor values: 1.278291954552963E9:0.80337304, 0.6065177, 0.39253503
sensor values: 1.278291954553963E9:0.69412583, 0.7447387, 0.106844366
sensor values: 1.2782919545549629E9:0.5595957, 0.046090662, 0.28809178
sensor values: 1.2782919545559628E9:0.6637334, 0.77309865, 0.88303185
sensor values: 1.2782919545569627E9:0.18632549, 0.022533298, 0.62139976
sensor values: 1.2782919545579627E9:0.7540186, 0.6454037, 0.37091833
sensor values: 1.2782919545589626E9:0.2082926, 0.7466893, 0.8004409
sensor values: 1.2782919545599625E9:0.88378024, 0.24754184, 0.8796132
sensor values: 1.2782919545609624E9:0.53698623, 0.23289335, 0.0953325
sensor values: 1.2782919545619624E9:0.20959729, 0.57400894, 0.768049
sensor values: 1.2782919545629623E9:0.68638766, 0.4982313, 0.044987798
sensor values: 1.2782919545639622E9:0.91272354, 0.8845434, 0.20417976
sensor values: 1.2782919545649621E9:0.325121, 0.019008279, 0.21455055
sensor values: 1.278291954565962E9:0.50221235, 0.045260012, 0.3225903
sensor values: 1.278291954566962E9:0.1808731, 0.5323765, 0.17410624
sensor values: 1.278291954567962E9:0.57375896, 0.9764752, 0.3493566
sensor values: 1.2782919545689619E9:0.63500756, 0.50506955, 0.86833674
sensor values: 1.2782919545699618E9:0.15982908, 0.12598038, 0.15641099
sensor values: 1.2782919545709617E9:0.64817584, 0.6320749, 0.9331236
sensor values: 1.2782919545719616E9:0.6053841, 0.4411391, 0.95538825
sensor values: 1.2782919545729616E9:0.44826388, 0.25234616, 0.7597548
sensor values: 1.2782919545739615E9:0.17573738, 0.5294861, 0.15804857
sensor values: 1.2782919545749614E9:0.81604064, 0.28808194, 0.5642921
sensor values: 1.2782919545759614E9:0.21598125, 0.8052717, 0.9147866
sensor values: 1.2782919545769613E9:0.22374874, 0.11542863, 0.64760464
sensor values: 1.2782919545779612E9:0.8243487, 0.124524534, 0.08457148
sensor values: 1.2782919545789611E9:0.7187291, 0.3664691, 0.4646675
sensor values: 1.278291954579961E9:0.53108597, 0.5712829, 0.33025354
sensor values: 1.278291954580961E9:0.7669913, 0.6715712, 0.9013858
sensor values: 1.278291954581961E9:0.12458098, 0.077762306, 0.5773835
sensor values: 1.2782919545829608E9:0.85886705, 0.27656913, 0.8328986
sensor values: 1.2782919545839608E9:0.29529512, 0.7483046, 0.42940784
sensor values: 1.2782919545849607E9:0.4521203, 0.62467575, 0.68665373
sensor values: 1.2782919545859606E9:0.56901807, 0.9645482, 0.06210053
sensor values: 1.2782919545869606E9:0.5409858, 0.53508335, 0.34640533
sensor values: 1.2782919545879605E9:0.4385119, 0.58874226, 0.78163654
sensor values: 1.2782919545889604E9:0.08010775, 0.96803606, 0.6481338
sensor values: 1.2782919545899603E9:0.29187626, 0.86964685, 0.16162974
sensor values: 1.2782919545909603E9:0.6962019, 0.85813355, 0.6934028
sensor values: 1.2782919545919602E9:0.2088812, 0.2080496, 0.08845544
sensor values: 1.2782919545929601E9:0.99413747, 0.6391207, 0.047419727
sensor values: 1.27829195459396E9:0.36428434, 0.9267826, 0.9957254
sensor values: 1.27829195459496E9:0.8538361, 0.057973683, 0.16577852
sensor values: 1.27829195459596E9:0.81799763, 0.5957558, 0.023810029
sensor values: 1.2782919545969598E9:0.8512457, 0.8617134, 0.58655024
sensor values: 1.2782919545979598E9:0.24184686, 0.19146848, 0.40649903
sensor values: 1.2782919545989597E9:0.5377074, 0.45085984, 0.980395
sensor values: 1.2782919545999596E9:0.9153095, 0.60162956, 0.2263962
sensor values: 1.2782919546009595E9:0.6036389, 0.7138135, 0.23810023
sensor values: 1.2782919546019595E9:0.70412713, 0.84342223, 0.74640995
sensor values: 1.2782919546029594E9:0.7303673, 0.6200605, 0.12879843
sensor values: 1.2782919546039593E9:0.6075119, 0.3383981, 0.53079313
sensor values: 1.2782919546049592E9:0.56720656, 0.72385967, 0.17090493
sensor values: 1.2782919546059592E9:0.62267303, 0.7199558, 0.8238248
sensor values: 1.278291954606959E9:0.60004044, 0.9429071, 0.3087451
sensor values: 1.278291954607959E9:0.23640537, 0.3521561, 0.85333735
sensor values: 1.278291954608959E9:0.85204697, 0.44500434, 0.65678906
sensor values: 1.278291954609959E9:0.074475765, 0.19651407, 0.02384454
sensor values: 1.2782919546109588E9:0.09927243, 0.5497264, 0.42500353
sensor values: 1.2782919546119587E9:0.21836168, 0.12838483, 0.10444933
sensor values: 1.2782919546129587E9:0.16299409, 0.12110549, 0.75070494
sensor values: 1.2782919546139586E9:0.22916687, 0.6708535, 0.53317344
sensor values: 1.2782919546149585E9:0.48238564, 0.39895344, 0.68047446
sensor values: 1.2782919546159585E9:0.09522104, 0.51461285, 0.91065985
sensor values: 1.2782919546169584E9:0.9192563, 0.2945001, 0.62187725
sensor values: 1.2782919546179583E9:0.9255337, 0.94838536, 0.19363403
sensor values: 1.2782919546189582E9:0.14631319, 0.03703004, 0.9401297
sensor values: 1.2782919546199582E9:0.6370634, 0.42381966, 0.42284048
sensor values: 1.278291954620958E9:0.52278864, 0.74200064, 0.9786647
sensor values: 1.278291954621958E9:0.30768156, 0.85253495, 0.4076783
sensor values: 1.278291954622958E9:0.35610992, 0.77109754, 0.727291
sensor values: 1.2782919546239579E9:0.6306325, 0.44371986, 0.73498034
sensor values: 1.2782919546249578E9:0.26574504, 0.61134076, 0.8610153
sensor values: 1.2782919546259577E9:0.5018616, 0.43952703, 0.010946929
sensor values: 1.2782919546269577E9:0.486678, 0.3710701, 0.40142673
sensor values: 1.2782919546279576E9:0.5639196, 0.4084491, 0.40999353
sensor values: 1.2782919546289575E9:0.008490503, 0.3867694, 0.69211555
sensor values: 1.2782919546299574E9:0.31696963, 0.43512702, 0.32350546
sensor values: 1.2782919546309574E9:0.9946321, 0.78642714, 0.12537742
sensor values: 1.2782919546319573E9:0.13006067, 0.5176661, 0.8220869
sensor values: 1.2782919546329572E9:0.19076103, 0.082820594, 0.39000398
sensor values: 1.2782919546339571E9:0.8772341, 0.44423515, 0.07661551
sensor values: 1.278291954634957E9:0.76176727, 0.50982475, 0.6235569
sensor values: 1.278291954635957E9:0.5966941, 0.62481743, 0.7926487
sensor values: 1.278291954636957E9:0.62859607, 0.2645089, 0.27978712
sensor values: 1.2782919546379569E9:0.023743331, 0.23492092, 0.3914593
sensor values: 1.2782919546389568E9:0.041670144, 0.23912948, 0.28640658
sensor values: 1.2782919546399567E9:0.06654048, 0.00678885, 0.6787813
sensor values: 1.2782919546409566E9:0.6769431, 0.45723206, 0.7412988
sensor values: 1.2782919546419566E9:0.1282003, 0.9479443, 0.937654
sensor values: 1.2782919546429565E9:0.54538596, 0.023328304, 0.32477313
sensor values: 1.2782919546439564E9:0.3593794, 0.4012792, 0.32772434
sensor values: 1.2782919546449564E9:0.8400511, 0.7492885, 0.93358773
sensor values: 1.2782919546459563E9:0.57048094, 0.5218522, 0.22208995
sensor values: 1.2782919546469562E9:0.25684863, 0.5644328, 0.7148904
sensor values: 1.2782919546479561E9:0.21483916, 0.72022825, 0.34060127
sensor values: 1.278291954648956E9:0.53599596, 0.8348087, 0.4988854
sensor values: 1.278291954649956E9:0.76094043, 0.4025705, 0.22388786
sensor values: 1.278291954650956E9:0.14451861, 0.27233803, 0.0035799146
sensor values: 1.2782919546519558E9:0.2114017, 0.46615094, 0.89614624
sensor values: 1.2782919546529558E9:0.074359775, 0.9975861, 0.041457117
sensor values: 1.2782919546539557E9:0.0055591464, 0.78458816, 0.29226536
sensor values: 1.2782919546549556E9:0.7872211, 0.8148311, 0.42685062
sensor values: 1.2782919546559556E9:0.85355115, 0.0762766, 0.01718235
sensor values: 1.2782919546569555E9:0.70304275, 0.12119919, 0.062102556
sensor values: 1.2782919546579554E9:0.2804277, 0.12731284, 0.025862515
sensor values: 1.2782919546589553E9:0.048805118, 0.5996817, 0.6053391
sensor values: 1.2782919546599553E9:0.75171036, 0.7643513, 0.96435356
sensor values: 1.2782919546609552E9:0.8966098, 0.42422295, 0.30255985
sensor values: 1.278291954661955E9:0.712084, 0.53327185, 0.34152108
sensor values: 1.278291954662955E9:0.7915797, 0.99595994, 0.5484335
sensor values: 1.278291954663955E9:0.4360736, 0.72359073, 0.30456215
sensor values: 1.278291954664955E9:0.57904124, 0.37940145, 0.49556
sensor values: 1.2782919546659548E9:0.15906578, 0.15224737, 0.87643045
sensor values: 1.2782919546669548E9:0.4205339, 0.32026643, 0.16628987
sensor values: 1.2782919546679547E9:0.7550511, 0.08270115, 0.8142078
sensor values: 1.2782919546689546E9:0.24220842, 0.97243565, 0.9400328
sensor values: 1.2782919546699545E9:0.21182954, 0.08422673, 0.4306051
sensor values: 1.2782919546709545E9:0.9914978, 0.15015364, 0.65547377
sensor values: 1.2782919546719544E9:0.83309335, 0.79062796, 0.47501445
sensor values: 1.2782919546729543E9:0.5911525, 0.80144227, 0.22561878
sensor values: 1.2782919546739542E9:0.4238879, 0.1506784, 0.19938678
sensor values: 1.2782919546749542E9:0.12341243, 0.39826858, 0.29920954
sensor values: 1.278291954675954E9:0.44432223, 0.6496239, 0.43519527
sensor values: 1.278291954676954E9:0.43100423, 0.39594972, 0.64919585
sensor values: 1.278291954677954E9:0.9544826, 0.35393608, 0.8424838
sensor values: 1.278291954678954E9:0.9388679, 0.60012907, 0.5761441
sensor values: 1.2782919546799538E9:0.3126918, 0.25961453, 0.5200437
sensor values: 1.2782919546809537E9:0.63021344, 0.8501847, 0.21597165
sensor values: 1.2782919546819537E9:0.6370681, 0.1735959, 0.93325406
sensor values: 1.2782919546829536E9:0.36357087, 0.8963114, 0.28045171
sensor values: 1.2782919546839535E9:0.11326623, 0.4033075, 0.05972767
sensor values: 1.2782919546849535E9:0.63210565, 0.3968972, 0.65058
sensor values: 1.2782919546859534E9:0.9299332, 0.991368, 0.3976785
sensor values: 1.2782919546869533E9:0.97427166, 0.3834054, 0.2587111
sensor values: 1.2782919546879532E9:0.83140284, 0.84904784, 0.88095623
sensor values: 1.2782919546889532E9:0.7324683, 0.7945013, 0.095681846
sensor values: 1.278291954689953E9:0.19390672, 0.68571943, 0.22679204
sensor values: 1.278291954690953E9:0.06019962, 0.57148015, 0.6123534
sensor values: 1.278291954691953E9:0.067849636, 0.11946058, 0.0030084252
sensor values: 1.2782919546929529E9:0.14508712, 0.4331454, 0.41732228
sensor values: 1.2782919546939528E9:0.26263624, 0.6982246, 0.991153
sensor values: 1.2782919546949527E9:0.0038357377, 0.1199829, 0.9050512
sensor values: 1.2782919546959527E9:0.9605322, 0.1451816, 0.15396559
sensor values: 1.2782919546969526E9:0.29947555, 0.3776492, 0.522609
sensor values: 1.2782919546979525E9:0.6056203, 0.907494, 0.63503516
sensor values: 1.2782919546989524E9:0.57591826, 0.37680918, 0.26801234
sensor values: 1.2782919546999524E9:0.6525359, 0.055612862, 0.7433487
sensor values: 1.2782919547009523E9:0.27440858, 0.3220827, 0.31542283
sensor values: 1.2782919547019522E9:0.3621114, 0.32595247, 0.2370739
sensor values: 1.2782919547029521E9:0.34429926, 0.36146796, 0.88796127
sensor values: 1.278291954703952E9:0.8667773, 0.5481365, 0.50307804
sensor values: 1.278291954704952E9:0.2956115, 0.7190372, 0.84347016
sensor values: 1.278291954705952E9:0.77117574, 0.6910333, 0.12063557
sensor values: 1.2782919547069519E9:0.41841626, 0.10441768, 0.37719333
sensor values: 1.2782919547079518E9:0.76925844, 0.20348388, 0.046978533
sensor values: 1.2782919547089517E9:0.70375574, 0.4251309, 0.5330536
sensor values: 1.2782919547099516E9:0.7124363, 0.2963584, 0.030617833
sensor values: 1.2782919547109516E9:0.97683847, 0.8692456, 0.0064338446
sensor values: 1.2782919547119515E9:0.20465904, 0.892225, 0.05404222
sensor values: 1.2782919547129514E9:0.22685152, 0.7536755, 0.8588562
sensor values: 1.2782919547139513E9:0.17307591, 0.10039055, 0.38501918
sensor values: 1.2782919547149513E9:0.975104, 0.9777581, 0.8826291
sensor values: 1.2782919547159512E9:0.7822507, 0.6442612, 0.4033143
sensor values: 1.2782919547169511E9:0.12564164, 0.1982342, 0.28155464
sensor values: 1.278291954717951E9:0.98612744, 0.06943315, 0.6026
sensor values: 1.278291954718951E9:0.60976475, 0.26246488, 0.3879475
sensor values: 1.278291954719951E9:0.5605065, 0.36277527, 0.17643845
sensor values: 1.2782919547209508E9:0.2875179, 0.5614503, 0.21734172
sensor values: 1.2782919547219508E9:0.45641673, 0.5276698, 0.6173355
sensor values: 1.2782919547229507E9:0.26145476, 0.6654814, 0.68524134
sensor values: 1.2782919547239506E9:0.0309937, 0.873702, 0.09230739
sensor values: 1.2782919547249506E9:0.44899338, 0.23829675, 0.32594895
sensor values: 1.2782919547259505E9:0.86409134, 0.77749324, 0.25305122
sensor values: 1.2782919547269504E9:0.9785317, 0.06351721, 0.8204574
sensor values: 1.2782919547279503E9:0.2137115, 0.5631815, 0.28851908
sensor values: 1.2782919547289503E9:0.86343855, 0.82996684, 0.64739925
sensor values: 1.2782919547299502E9:0.96869886, 0.5563719, 0.65641016
sensor values: 1.27829195473095E9:0.051417172, 0.9482112, 0.0048118234
sensor values: 1.27829195473195E9:0.34639156, 0.30479032, 0.85491264
sensor values: 1.27829195473295E9:0.19357944, 0.64402163, 0.4467516
sensor values: 1.27829195473395E9:0.7333701, 0.7590082, 0.40397203
sensor values: 1.2782919547349498E9:0.8085587, 0.34934992, 0.48915267
sensor values: 1.2782919547359498E9:0.45069468, 0.28610724, 0.64070326
sensor values: 1.2782919547369497E9:0.6004724, 0.430057, 0.88914686
sensor values: 1.2782919547379496E9:0.5497941, 0.88200456, 0.8118863
sensor values: 1.2782919547389495E9:0.6147197, 0.122059405, 0.1093958
sensor values: 1.2782919547399495E9:0.981888, 0.465254, 0.38087934
sensor values: 1.2782919547409494E9:0.6850173, 0.54182774, 0.44754457
sensor values: 1.2782919547419493E9:0.3181907, 0.55849, 0.9093426
sensor values: 1.2782919547429492E9:0.832197, 0.9913737, 0.0041810274
sensor values: 1.2782919547439492E9:0.4805047, 0.7117102, 0.4486664
sensor values: 1.278291954744949E9:0.48661166, 0.6621481, 0.8100306
sensor values: 1.278291954745949E9:0.16712618, 0.41736585, 0.18546563
sensor values: 1.278291954746949E9:0.6110862, 0.16900343, 0.21227276
sensor values: 1.278291954747949E9:0.23158783, 0.6855649, 0.6649823
sensor values: 1.2782919547489488E9:0.3877328, 0.0034988523, 0.8042347
sensor values: 1.2782919547499487E9:0.2773701, 0.010576904, 0.702071
sensor values: 1.2782919547509487E9:0.18573648, 0.8348851, 0.23542297
sensor values: 1.2782919547519486E9:0.15819508, 0.3934546, 0.75575507
sensor values: 1.2782919547529485E9:0.8538816, 0.15454143, 0.7793611
sensor values: 1.2782919547539485E9:0.890545, 0.24604654, 0.27163827
sensor values: 1.2782919547549484E9:0.485326, 0.7642854, 0.19949245
sensor values: 1.2782919547559483E9:0.71154904, 0.32011604, 0.7134731
sensor values: 1.2782919547569482E9:0.155626, 0.30194557, 0.0021054745
sensor values: 1.2782919547579482E9:0.8724153, 0.29695463, 0.8429125
sensor values: 1.278291954758948E9:0.4156695, 0.13083994, 0.8190312
sensor values: 1.278291954759948E9:0.22310251, 0.49852103, 0.5069968
sensor values: 1.278291954760948E9:0.88301384, 0.66125065, 0.9361969
sensor values: 1.2782919547619479E9:0.19453233, 0.3425762, 0.8995163
sensor values: 1.2782919547629478E9:0.96995765, 0.32478213, 0.93407726
sensor values: 1.2782919547639477E9:0.8282635, 0.7600918, 0.10694748
sensor values: 1.2782919547649477E9:0.341331, 0.5149374, 0.025722027
sensor values: 1.2782919547659476E9:0.9756968, 0.35401237, 0.8654936
sensor values: 1.2782919547669475E9:0.19550109, 0.08847672, 0.267834
sensor values: 1.2782919547679474E9:0.60387546, 0.34501928, 0.5132622
sensor values: 1.2782919547689474E9:0.08937967, 0.117402256, 0.5133837
sensor values: 1.2782919547699473E9:0.6622951, 0.9512735, 0.20336175
sensor values: 1.2782919547709472E9:0.033469677, 0.52983403, 0.18470359
sensor values: 1.2782919547719471E9:0.3499443, 0.6811128, 0.54398745
sensor values: 1.278291954772947E9:0.58484, 0.8938883, 0.35443985
sensor values: 1.278291954773947E9:0.9468637, 0.7171421, 0.98442835
sensor values: 1.278291954774947E9:0.69521177, 0.5667053, 0.40383345
sensor values: 1.2782919547759469E9:0.5305797, 0.3221569, 0.27417785
sensor values: 1.2782919547769468E9:0.38292533, 0.26430053, 0.8776333
sensor values: 1.2782919547779467E9:0.84696394, 0.20824236, 0.27912873
sensor values: 1.2782919547789466E9:0.81251955, 0.06730956, 0.74719
sensor values: 1.2782919547799466E9:0.23159075, 0.122063875, 0.7018515
sensor values: 1.2782919547809465E9:0.7008945, 0.16575658, 0.17271674
sensor values: 1.2782919547819464E9:0.25820637, 0.814345, 0.25011313
sensor values: 1.2782919547829463E9:0.3550536, 0.66533715, 0.33591247
sensor values: 1.2782919547839463E9:0.72643214, 0.7922076, 0.012175977
sensor values: 1.2782919547849462E9:0.62786007, 0.95411265, 0.41134292
sensor values: 1.2782919547859461E9:0.3195296, 0.0020889044, 0.4978128
sensor values: 1.278291954786946E9:0.735314, 0.77272254, 0.06637943
sensor values: 1.278291954787946E9:0.9239029, 0.11357796, 0.5561502
sensor values: 1.278291954788946E9:0.40192986, 0.030845463, 0.32962066
sensor values: 1.2782919547899458E9:0.19596338, 0.8673179, 0.09413993
sensor values: 1.2782919547909458E9:0.59367657, 0.3141501, 0.42949778
sensor values: 1.2782919547919457E9:0.8276933, 0.55457324, 0.7476063
sensor values: 1.2782919547929456E9:0.17960632, 0.88572985, 0.7964272
sensor values: 1.2782919547939456E9:0.801314, 0.19881731, 0.10362971
sensor values: 1.2782919547949455E9:0.18111229, 0.83800584, 0.6240096
sensor values: 1.2782919547959454E9:0.3189693, 0.6654731, 0.7008582
sensor values: 1.2782919547969453E9:0.6294917, 0.55776817, 0.8758725
sensor values: 1.2782919547979453E9:0.50460756, 0.9224505, 0.9133691
sensor values: 1.2782919547989452E9:0.727655, 0.8884431, 0.657308
sensor values: 1.278291954799945E9:0.39997274, 0.9024252, 0.8161249
sensor values: 1.278291954800945E9:0.64702725, 0.0087124705, 0.6637553
sensor values: 1.278291954801945E9:0.7406871, 0.2049945, 0.726021
sensor values: 1.278291954802945E9:0.62723655, 0.36908764, 0.53492457
sensor values: 1.2782919548039448E9:0.25225252, 0.9820074, 0.20317852
sensor values: 1.2782919548049448E9:0.02192539, 0.9590673, 0.76945716
sensor values: 1.2782919548059447E9:0.47493422, 0.11717069, 0.38855284
sensor values: 1.2782919548069446E9:0.095303595, 0.4041518, 0.38145
sensor values: 1.2782919548079445E9:0.48268098, 0.22135848, 0.8946141
sensor values: 1.2782919548089445E9:0.11720663, 0.16132945, 0.9438569
sensor values: 1.2782919548099444E9:0.74940324, 0.41065782, 0.7792111
sensor values: 1.2782919548109443E9:0.31017148, 0.26770175, 0.18948597
sensor values: 1.2782919548119442E9:0.09075034, 0.80213916, 0.114688516
sensor values: 1.2782919548129442E9:0.5197738, 0.35695505, 0.5722826
sensor values: 1.278291954813944E9:0.704316, 0.08883548, 0.12500477
sensor values: 1.278291954814944E9:0.062242806, 0.96375763, 0.9970079
sensor values: 1.278291954815944E9:0.5005854, 0.46718484, 0.3606748
sensor values: 1.278291954816944E9:0.28806263, 0.68155134, 0.5953788
sensor values: 1.2782919548179438E9:0.9633467, 0.33957142, 0.41151643
sensor values: 1.2782919548189437E9:0.97127867, 0.20290607, 0.3943044
sensor values: 1.2782919548199437E9:0.39130974, 0.7590484, 0.94086
sensor values: 1.2782919548209436E9:0.30269915, 0.6183674, 0.6605613
sensor values: 1.2782919548219435E9:0.57877505, 0.45386976, 0.9381595
sensor values: 1.2782919548229434E9:0.23949271, 0.8361403, 0.96590376
sensor values: 1.2782919548239434E9:0.63240606, 0.7164397, 0.6632748
sensor values: 1.2782919548249433E9:0.3808356, 0.74646205, 0.69734704
sensor values: 1.2782919548259432E9:0.6356391, 0.33932042, 0.69883436
sensor values: 1.2782919548269432E9:0.27034634, 0.32156944, 0.29641372
sensor values: 1.278291954827943E9:0.910924, 0.6189962, 0.14546287
sensor values: 1.278291954828943E9:0.16288054, 0.15200216, 0.64053416
sensor values: 1.278291954829943E9:0.44156456, 0.52411574, 0.68597084
sensor values: 1.2782919548309429E9:0.8669473, 0.8591846, 0.58718973
sensor values: 1.2782919548319428E9:0.32111365, 0.30837, 0.3284229
sensor values: 1.2782919548329427E9:0.34999722, 0.05590117, 0.16960686
sensor values: 1.2782919548339427E9:0.10697526, 0.36736465, 0.1527158
sensor values: 1.2782919548349426E9:0.9316434, 0.32462788, 0.4277745
sensor values: 1.2782919548359425E9:0.3924443, 0.19416988, 0.13452238
sensor values: 1.2782919548369424E9:0.04971844, 0.7172368, 0.29885155
sensor values: 1.2782919548379424E9:0.42173994, 0.8853619, 0.97294575
sensor values: 1.2782919548389423E9:0.9058982, 0.7533693, 0.38606662
sensor values: 1.2782919548399422E9:0.54906696, 0.8911165, 0.26377833
sensor values: 1.2782919548409421E9:0.7723866, 0.18025416, 0.6328861
sensor values: 1.278291954841942E9:0.72871923, 0.87155706, 0.33315253
sensor values: 1.278291954842942E9:0.63733715, 0.60720026, 0.4774959
sensor values: 1.278291954843942E9:0.53448886, 0.6274813, 0.12641627
sensor values: 1.2782919548449419E9:0.86931235, 0.79579884, 0.5233727
sensor values: 1.2782919548459418E9:0.9987382, 0.13977939, 0.31721497
sensor values: 1.2782919548469417E9:0.9438501, 0.42772585, 0.25880432
sensor values: 1.2782919548479416E9:0.78335583, 0.94750035, 0.15989584
sensor values: 1.2782919548489416E9:0.8803864, 0.4401573, 0.13574517
sensor values: 1.2782919548499415E9:0.33870482, 0.92476356, 0.41968572
sensor values: 1.2782919548509414E9:0.10208404, 0.32569093, 0.88842666
sensor values: 1.2782919548519413E9:0.3834337, 0.61935556, 0.87036175
sensor values: 1.2782919548529413E9:0.68956023, 0.9217888, 0.20533872
sensor values: 1.2782919548539412E9:0.5752747, 0.009500086, 0.4823922
sensor values: 1.2782919548549411E9:0.5431879, 0.4464752, 0.48437387
sensor values: 1.278291954855941E9:0.1226908, 0.1072675, 0.013343155
sensor values: 1.278291954856941E9:0.5057102, 0.57748586, 0.6602489
sensor values: 1.278291954857941E9:0.50785005, 0.65310484, 0.0016698241
sensor values: 1.2782919548589408E9:0.6502957, 0.5137984, 0.08277118
sensor values: 1.2782919548599408E9:0.058222055, 0.0073691607, 0.32495588
sensor values: 1.2782919548609407E9:0.2878605, 0.55413073, 0.17782032
sensor values: 1.2782919548619406E9:0.62090385, 0.1128301, 0.6300745
sensor values: 1.2782919548629405E9:0.16232884, 0.50530756, 0.4059837
sensor values: 1.2782919548639405E9:0.14690715, 0.7528406, 0.11821884
sensor values: 1.2782919548649404E9:0.22087944, 0.71234673, 0.47151548
sensor values: 1.2782919548659403E9:0.9876088, 0.59597355, 0.099502444
sensor values: 1.2782919548669403E9:0.9740272, 0.7218857, 0.04814589
sensor values: 1.2782919548679402E9:0.23532873, 0.9191654, 0.15159702
sensor values: 1.27829195486894E9:0.48328084, 0.6077533, 0.75803727
sensor values: 1.27829195486994E9:0.3323812, 0.05759895, 0.7466891
sensor values: 1.27829195487094E9:0.24380976, 0.040689766, 0.9968438
sensor values: 1.27829195487194E9:0.28362912, 0.09457314, 0.2876358
sensor values: 1.2782919548729398E9:0.704728, 0.15989703, 0.4983675
sensor values: 1.2782919548739398E9:0.5939471, 0.9533621, 0.52335614
sensor values: 1.2782919548749397E9:0.57463276, 0.1004588, 0.16099876
sensor values: 1.2782919548759396E9:0.18156976, 0.497396, 0.21452999
sensor values: 1.2782919548769395E9:0.9186907, 0.6357807, 0.44259077
sensor values: 1.2782919548779395E9:0.23450172, 0.04790294, 0.43999285
sensor values: 1.2782919548789394E9:0.49833274, 0.96374667, 0.65436745
sensor values: 1.2782919548799393E9:0.1638639, 0.029197156, 0.5755266
sensor values: 1.2782919548809392E9:0.3162771, 0.60366213, 0.023130536
sensor values: 1.2782919548819392E9:0.16294473, 0.71217066, 0.11442649
sensor values: 1.278291954882939E9:0.6852754, 0.38853854, 0.48857164
sensor values: 1.278291954883939E9:0.3265478, 0.9425083, 0.20991993
sensor values: 1.278291954884939E9:0.9007365, 0.8747386, 0.7548458
sensor values: 1.278291954885939E9:0.71637887, 0.97100973, 0.6858828
sensor values: 1.2782919548869388E9:0.81711155, 0.9721763, 0.41564876
sensor values: 1.2782919548879387E9:0.43927497, 0.7015977, 0.3716643
sensor values: 1.2782919548889387E9:0.038083673, 0.8886289, 0.018195927
sensor values: 1.2782919548899386E9:0.20628828, 0.3980459, 0.19593608
sensor values: 1.2782919548909385E9:0.23407596, 0.90149844, 0.39359456
sensor values: 1.2782919548919384E9:0.41437513, 0.33501697, 0.070776224
sensor values: 1.2782919548929384E9:0.5666732, 0.9282571, 0.16264641
sensor values: 1.2782919548939383E9:0.16316879, 0.92044723, 0.43527663
sensor values: 1.2782919548949382E9:0.61693144, 0.9493249, 0.35444158
sensor values: 1.2782919548959382E9:0.87860787, 0.76524746, 0.43908244
sensor values: 1.278291954896938E9:0.34567302, 0.30774033, 0.49528325
sensor values: 1.278291954897938E9:0.48183417, 0.67293525, 0.68711066
sensor values: 1.278291954898938E9:0.6391308, 0.3404833, 0.06765723
sensor values: 1.2782919548999379E9:0.16591907, 0.38347024, 0.91270924
sensor values: 1.2782919549009378E9:0.026946425, 0.7719807, 0.37224066
sensor values: 1.2782919549019377E9:0.10203165, 0.31930977, 0.16367412
sensor values: 1.2782919549029377E9:0.7631555, 0.608959, 0.20599467
sensor values: 1.2782919549039376E9:0.2492199, 0.88057566, 0.2531163
sensor values: 1.2782919549049375E9:0.173922, 0.7095197, 0.23040998
sensor values: 1.2782919549059374E9:0.8750865, 0.19092429, 0.8030712
sensor values: 1.2782919549069374E9:0.92682123, 0.066809475, 0.6397122
sensor values: 1.2782919549079373E9:0.11816412, 0.89764065, 0.99741894
sensor values: 1.2782919549089372E9:0.23105323, 0.013368428, 0.16073942
sensor values: 1.2782919549099371E9:0.633662, 0.23457056, 0.4626134
sensor values: 1.278291954910937E9:0.5254817, 0.7874394, 0.27098262
sensor values: 1.278291954911937E9:0.5218908, 0.003243804, 0.885077
sensor values: 1.278291954912937E9:0.9842702, 0.0524047, 0.19339418
sensor values: 1.2782919549139369E9:0.761846, 0.03605616, 0.07706088
sensor values: 1.2782919549149368E9:0.8337864, 0.39978826, 0.74542105
sensor values: 1.2782919549159367E9:0.8863891, 0.40854073, 0.49647772
sensor values: 1.2782919549169366E9:0.121593714, 0.9347981, 0.23462605
sensor values: 1.2782919549179366E9:0.3670097, 0.118698776, 0.63258487
sensor values: 1.2782919549189365E9:0.299573, 0.62191224, 0.37340403
sensor values: 1.2782919549199364E9:0.31306952, 0.49574488, 0.6511094
sensor values: 1.2782919549209363E9:0.98839176, 0.17297256, 0.94528836
sensor values: 1.2782919549219363E9:0.39045215, 0.69571686, 0.59865385
sensor values: 1.2782919549229362E9:0.19062346, 0.5052031, 0.901063
sensor values: 1.2782919549239361E9:0.51770663, 0.94768405, 0.7373831
sensor values: 1.278291954924936E9:0.17755514, 0.7868622, 0.39578182
sensor values: 1.278291954925936E9:0.11485028, 0.07913625, 0.94106865
sensor values: 1.278291954926936E9:0.074756026, 0.28379893, 0.08970213
sensor values: 1.2782919549279358E9:0.19843602, 0.04593706, 0.8180727
sensor values: 1.2782919549289358E9:0.85446846, 0.52058905, 0.17046142
sensor values: 1.2782919549299357E9:0.7839546, 0.8718011, 0.862568
sensor values: 1.2782919549309356E9:0.9918262, 0.54420906, 0.7024837
sensor values: 1.2782919549319355E9:0.8711165, 0.5575826, 0.10702109
sensor values: 1.2782919549329355E9:0.70275706, 0.08097011, 0.5591848
sensor values: 1.2782919549339354E9:0.7416544, 0.8591968, 0.7572143
sensor values: 1.2782919549349353E9:0.8438021, 0.9612804, 0.6274949
sensor values: 1.2782919549359353E9:0.5951368, 0.79507124, 0.82332283
sensor values: 1.2782919549369352E9:0.7114656, 0.44011587, 0.3821169
sensor values: 1.278291954937935E9:0.21821302, 0.49925756, 0.46743172
sensor values: 1.278291954938935E9:0.13166773, 0.9487133, 0.7650686
sensor values: 1.278291954939935E9:0.06957281, 0.63379246, 0.874595
sensor values: 1.278291954940935E9:0.18901509, 0.25634867, 0.8978877
sensor values: 1.2782919549419348E9:0.78274435, 0.015709817, 0.1662798
sensor values: 1.2782919549429348E9:0.33537543, 0.40263385, 0.6121845
sensor values: 1.2782919549439347E9:0.31727737, 0.9655629, 0.72406465
sensor values: 1.2782919549449346E9:0.9748147, 0.25716293, 0.6808557
sensor values: 1.2782919549459345E9:0.48133945, 0.12774521, 0.0923298
sensor values: 1.2782919549469345E9:0.8296788, 0.97933483, 0.43498433
sensor values: 1.2782919549479344E9:0.023670137, 0.69588786, 0.876737
sensor values: 1.2782919549489343E9:0.775967, 0.066259265, 0.5910733
sensor values: 1.2782919549499342E9:0.7750147, 0.29923683, 0.9023016
sensor values: 1.2782919549509342E9:0.6030529, 0.54419595, 0.6383506
sensor values: 1.278291954951934E9:0.66023123, 0.635208, 0.9444796
sensor values: 1.278291954952934E9:0.4436702, 0.9369728, 0.25546104
sensor values: 1.278291954953934E9:0.8630612, 0.3270133, 0.71118176
sensor values: 1.278291954954934E9:0.28206682, 0.10582799, 0.6349391
sensor values: 1.2782919549559338E9:0.82440215, 0.65056753, 0.281937
sensor values: 1.2782919549569337E9:0.24063462, 0.3417259, 0.31993222
sensor values: 1.2782919549579337E9:0.6545328, 0.98194695, 0.51656735
sensor values: 1.2782919549589336E9:0.12689221, 0.55238956, 0.7602116
sensor values: 1.2782919549599335E9:0.96405375, 0.12973529, 0.83512604
sensor values: 1.2782919549609334E9:0.2654115, 0.44837618, 0.09340572
sensor values: 1.2782919549619334E9:0.15949595, 2.5349855E-4, 0.8809812
sensor values: 1.2782919549629333E9:0.056869388, 0.22739744, 0.75946975
sensor values: 1.2782919549639332E9:0.44404954, 0.044663668, 0.5195832
sensor values: 1.2782919549649332E9:0.07968062, 0.44829506, 0.7938046
sensor values: 1.278291954965933E9:0.08512509, 0.8362469, 0.6223147
sensor values: 1.278291954966933E9:0.17434263, 0.008664966, 0.13157356
sensor values: 1.278291954967933E9:0.04476297, 0.79953384, 0.099146724
sensor values: 1.2782919549689329E9:0.72732097, 0.16836053, 0.11564934
sensor values: 1.2782919549699328E9:0.90949523, 0.4320526, 0.15965182
sensor values: 1.2782919549709327E9:0.20082748, 0.32161784, 0.3052724
sensor values: 1.2782919549719326E9:0.66960526, 0.2091474, 0.92082673
sensor values: 1.2782919549729326E9:0.09594989, 0.75232655, 0.19546932
sensor values: 1.2782919549739325E9:0.18459314, 0.64401704, 0.8226813
sensor values: 1.2782919549749324E9:0.22686487, 0.9593713, 0.76056874
sensor values: 1.2782919549759324E9:0.6644779, 0.70909, 0.77360636
sensor values: 1.2782919549769323E9:0.41837662, 0.71064204, 0.6661161
sensor values: 1.2782919549779322E9:0.6031262, 0.558709, 0.2727524
sensor values: 1.2782919549789321E9:0.9449119, 0.7757119, 0.91135126
sensor values: 1.278291954979932E9:0.5222469, 0.56729263, 0.6741442
sensor values: 1.278291954980932E9:0.46826893, 0.75803804, 0.509663
sensor values: 1.278291954981932E9:0.81149244, 0.51181376, 0.53928363
sensor values: 1.2782919549829319E9:0.3069464, 0.13948822, 0.8181165
sensor values: 1.2782919549839318E9:0.337381, 0.9991129, 0.18182409
sensor values: 1.2782919549849317E9:0.10585487, 0.45323712, 0.9708123
sensor values: 1.2782919549859316E9:0.7210265, 0.3285576, 0.5554895
sensor values: 1.2782919549869316E9:0.28313005, 0.41273063, 0.69176644
sensor values: 1.2782919549879315E9:0.5892162, 0.7209824, 0.34788758
sensor values: 1.2782919549889314E9:0.5696102, 0.26500493, 0.24285412
sensor values: 1.2782919549899313E9:0.36544698, 0.88165635, 0.4129011
sensor values: 1.2782919549909313E9:0.037269175, 0.85980934, 0.13142538
sensor values: 1.2782919549919312E9:0.23819786, 0.3815226, 0.093851686
sensor values: 1.2782919549929311E9:0.6919476, 0.7753773, 0.8348632
sensor values: 1.278291954993931E9:0.17527848, 0.11858171, 0.447473
sensor values: 1.278291954994931E9:0.55568635, 0.07771647, 0.17052162
sensor values: 1.278291954995931E9:0.71106976, 0.23871017, 0.47527373
sensor values: 1.2782919549969308E9:0.8036095, 0.9280438, 0.054994166
sensor values: 1.2782919549979308E9:0.937761, 0.9600236, 0.2455973
sensor values: 1.2782919549989307E9:0.22960538, 0.82158786, 0.4049856
sensor values: 1.2782919549999306E9:0.7933634, 0.39642167, 0.24728876
sensor values: 1.2782919550009305E9:0.85485524, 0.59321475, 0.4678204
sensor values: 1.2782919550019305E9:0.028118372, 0.9909728, 0.41237658
sensor values: 1.2782919550029304E9:0.4927644, 0.5952201, 0.77363896
sensor values: 1.2782919550039303E9:0.3276143, 0.34715074, 0.5341808
sensor values: 1.2782919550049303E9:0.45305878, 0.97738177, 0.30541217
sensor values: 1.2782919550059302E9:0.6266275, 0.33944422, 0.5952085
sensor values: 1.27829195500693E9:0.7355901, 0.49081326, 0.3413841
sensor values: 1.27829195500793E9:0.6922712, 0.6978645, 0.38941598
sensor values: 1.27829195500893E9:0.43682504, 0.20661837, 0.9184104
sensor values: 1.27829195500993E9:0.264203, 0.109431386, 0.5931412
sensor values: 1.2782919550109298E9:0.9691448, 0.94958234, 0.69772613
sensor values: 1.2782919550119298E9:0.48994225, 0.97524405, 0.08478302
sensor values: 1.2782919550129297E9:0.97637916, 0.57674444, 0.46521473
sensor values: 1.2782919550139296E9:0.9025249, 0.85757226, 0.11848247
sensor values: 1.2782919550149295E9:0.19483733, 0.6262068, 0.18290919
sensor values: 1.2782919550159295E9:0.5569788, 0.7416851, 0.10416466
sensor values: 1.2782919550169294E9:0.31836212, 0.7359583, 0.15946412
sensor values: 1.2782919550179293E9:0.88532734, 0.88988566, 0.79558724
sensor values: 1.2782919550189292E9:0.9825669, 0.6731777, 0.057349265
sensor values: 1.2782919550199292E9:0.093835175, 0.8155571, 0.8524674
sensor values: 1.278291955020929E9:0.34921074, 0.36046743, 0.7674997
sensor values: 1.278291955021929E9:0.07442844, 0.22789621, 0.58825254
sensor values: 1.278291955022929E9:0.18793726, 0.110684395, 0.26229173
sensor values: 1.2782919550239289E9:0.35346848, 0.8238402, 0.88373166
sensor values: 1.2782919550249288E9:0.41334844, 0.5381323, 0.3920899
sensor values: 1.2782919550259287E9:0.6833954, 0.43393815, 0.019276202
sensor values: 1.2782919550269287E9:0.100189805, 0.65536034, 0.5152827
sensor values: 1.2782919550279286E9:0.2814042, 0.2522583, 0.16164368
sensor values: 1.2782919550289285E9:0.9281405, 0.09796733, 0.35438454
sensor values: 1.2782919550299284E9:0.16625595, 0.6842397, 0.18288314
sensor values: 1.2782919550309284E9:0.14269334, 0.38545108, 0.937065
sensor values: 1.2782919550319283E9:0.8160382, 0.46166652, 0.19468659
sensor values: 1.2782919550329282E9:0.53406215, 0.94518757, 0.63522124
sensor values: 1.2782919550339282E9:0.72811425, 0.4857309, 0.72419006
sensor values: 1.278291955034928E9:0.81770104, 0.9061368, 0.120214164
sensor values: 1.278291955035928E9:0.19318753, 0.1583587, 0.3379684
sensor values: 1.278291955036928E9:0.9122209, 0.18488073, 0.5362993
sensor values: 1.2782919550379279E9:0.8655032, 0.80796766, 0.16282368
sensor values: 1.2782919550389278E9:0.15152782, 0.5290549, 0.78690666
sensor values: 1.2782919550399277E9:0.6886274, 0.6231511, 0.67220837
sensor values: 1.2782919550409276E9:0.20809853, 0.4667405, 0.13249075
sensor values: 1.2782919550419276E9:0.8802932, 0.56405526, 0.33527386
sensor values: 1.2782919550429275E9:0.9445687, 0.22363424, 0.81574273
sensor values: 1.2782919550439274E9:0.33202684, 0.6869468, 0.5021726
sensor values: 1.2782919550449274E9:0.79531485, 0.7549091, 0.6041859
sensor values: 1.2782919550459273E9:0.652316, 0.85232145, 0.40946043
sensor values: 1.2782919550469272E9:0.6363034, 0.36064255, 0.17696041
sensor values: 1.2782919550479271E9:0.46285474, 0.29075497, 0.053626
sensor values: 1.278291955048927E9:0.080951214, 0.23900336, 0.54295343
sensor values: 1.278291955049927E9:0.50979453, 0.051414132, 0.14411134
sensor values: 1.278291955050927E9:0.26662648, 0.22321725, 0.042513013
sensor values: 1.2782919550519269E9:0.722897, 0.2719614, 0.5780923
sensor values: 1.2782919550529268E9:0.2384361, 0.64488286, 0.92919344
sensor values: 1.2782919550539267E9:0.7572826, 0.24256212, 0.50555784
sensor values: 1.2782919550549266E9:0.54388154, 0.8773219, 0.23251575
sensor values: 1.2782919550559266E9:0.51227415, 0.2965274, 0.03372872
sensor values: 1.2782919550569265E9:0.30851918, 0.98857486, 0.2855004
sensor values: 1.2782919550579264E9:0.05909723, 0.8703763, 0.7679829
sensor values: 1.2782919550589263E9:0.34362793, 0.78864914, 0.032088757
sensor values: 1.2782919550599263E9:0.81946355, 0.11361891, 0.33066905
sensor values: 1.2782919550609262E9:0.5461366, 0.22778404, 0.84715307
sensor values: 1.2782919550619261E9:0.23002237, 0.5136118, 0.08442998
sensor values: 1.278291955062926E9:0.4715557, 0.8599522, 0.9315596
sensor values: 1.278291955063926E9:0.0858317, 0.2841937, 0.8893488
sensor values: 1.278291955064926E9:0.33306468, 0.10825348, 0.7788777
sensor values: 1.2782919550659258E9:0.1490972, 0.9449471, 0.671279
sensor values: 1.2782919550669258E9:0.3745997, 0.70197976, 0.7866755
sensor values: 1.2782919550679257E9:0.7184943, 0.45193142, 0.83659875
sensor values: 1.2782919550689256E9:0.40462488, 0.25444508, 0.056561112
sensor values: 1.2782919550699255E9:0.12818068, 0.7486373, 0.066587925
sensor values: 1.2782919550709255E9:0.8060701, 0.5998461, 0.40159452
sensor values: 1.2782919550719254E9:0.5307315, 0.04159355, 0.4795099
sensor values: 1.2782919550729253E9:0.6441534, 0.6149854, 0.66004145
sensor values: 1.2782919550739253E9:0.57318455, 0.9308119, 0.9427211
sensor values: 1.2782919550749252E9:0.60777104, 0.99888355, 0.3530606
sensor values: 1.278291955075925E9:0.697355, 0.928822, 0.9709725
sensor values: 1.278291955076925E9:0.7316825, 0.31436568, 0.95899636
sensor values: 1.278291955077925E9:0.6577358, 0.60253173, 0.13795692
sensor values: 1.278291955078925E9:0.613253, 0.41078115, 0.6057508
sensor values: 1.2782919550799248E9:0.36589605, 0.3032933, 0.0799728
sensor values: 1.2782919550809247E9:0.5528674, 0.77666014, 0.37315464
sensor values: 1.2782919550819247E9:0.7687992, 0.7031894, 0.5540663
sensor values: 1.2782919550829246E9:0.78454995, 0.47995806, 0.8321456
sensor values: 1.2782919550839245E9:0.38766634, 0.30516434, 0.2676673
sensor values: 1.2782919550849245E9:0.3995793, 0.33956873, 0.53984
sensor values: 1.2782919550859244E9:0.010556102, 0.23350364, 0.4028616
sensor values: 1.2782919550869243E9:0.6373661, 0.89638346, 0.42060506
sensor values: 1.2782919550879242E9:0.42193317, 0.44839042, 0.45729947
sensor values: 1.2782919550889242E9:0.65308696, 0.054816544, 0.7998479
sensor values: 1.278291955089924E9:0.19258267, 0.8146696, 0.7019508
sensor values: 1.278291955090924E9:0.5884638, 0.78603435, 0.6172053
sensor values: 1.278291955091924E9:0.039806545, 0.7336438, 0.8794085
sensor values: 1.2782919550929239E9:0.2220689, 0.73264015, 0.024863958
sensor values: 1.2782919550939238E9:0.65393865, 0.9239957, 0.56782675
sensor values: 1.2782919550949237E9:0.36008966, 0.84235966, 0.6442473
sensor values: 1.2782919550959237E9:0.20199752, 0.3124737, 0.62759453
sensor values: 1.2782919550969236E9:0.507899, 0.7144263, 0.84843886
sensor values: 1.2782919550979235E9:0.4559065, 0.5777889, 0.55425274
sensor values: 1.2782919550989234E9:0.02017498, 0.5168385, 0.6245149
sensor values: 1.2782919550999234E9:0.31828994, 0.691657, 0.32533872
sensor values: 1.2782919551009233E9:0.9451816, 0.20107657, 0.6546987
sensor values: 1.2782919551019232E9:0.9293995, 0.84890765, 0.2788447
sensor values: 1.2782919551029232E9:0.6286345, 0.09621793, 0.7280242
sensor values: 1.278291955103923E9:0.900162, 0.5953981, 0.8788747
sensor values: 1.278291955104923E9:0.1821928, 0.9997722, 0.13562495
sensor values: 1.278291955105923E9:0.101973355, 0.5882299, 0.7858308
sensor values: 1.2782919551069229E9:0.038630784, 0.03738278, 0.7692433
sensor values: 1.2782919551079228E9:0.8971577, 0.55053896, 0.2695939
sensor values: 1.2782919551089227E9:0.048911452, 0.2247898, 0.4943853
sensor values: 1.2782919551099226E9:0.014272332, 0.34461093, 0.3451106
sensor values: 1.2782919551109226E9:0.8907932, 0.8840316, 0.99901694
sensor values: 1.2782919551119225E9:0.13989073, 0.07797855, 0.8635528
sensor values: 1.2782919551129224E9:0.5442665, 0.16703892, 0.07873374
sensor values: 1.2782919551139224E9:0.52384835, 0.3844173, 0.6957229
sensor values: 1.2782919551149223E9:0.69609886, 0.87525487, 0.6475209
sensor values: 1.2782919551159222E9:0.7973664, 0.59822446, 0.7237999
sensor values: 1.2782919551169221E9:0.95303017, 0.2720937, 0.23916304
sensor values: 1.278291955117922E9:0.58971405, 0.14649564, 0.53632855
sensor values: 1.278291955118922E9:0.5718101, 0.6944652, 0.8326969
sensor values: 1.278291955119922E9:0.4649312, 0.060902417, 0.88881385
sensor values: 1.2782919551209219E9:0.779771, 0.8995883, 0.86993587
sensor values: 1.2782919551219218E9:0.7346955, 0.53791237, 0.44886547
sensor values: 1.2782919551229217E9:0.35128647, 0.96451074, 0.31234586
sensor values: 1.2782919551239216E9:0.9247613, 0.1420232, 0.8095675
sensor values: 1.2782919551249216E9:0.7251408, 0.4117267, 0.49034035
sensor values: 1.2782919551259215E9:0.9425036, 0.39580303, 0.43854415
sensor values: 1.2782919551269214E9:0.5937743, 0.1346941, 0.64633274
sensor values: 1.2782919551279213E9:0.9284205, 0.10810518, 0.94769984
sensor values: 1.2782919551289213E9:0.3005796, 0.7109898, 0.9258962
sensor values: 1.2782919551299212E9:0.507155, 0.78639114, 0.08011967
sensor values: 1.2782919551309211E9:0.36993748, 0.43816835, 0.17650175
sensor values: 1.278291955131921E9:0.6275752, 0.09650707, 0.5539785
sensor values: 1.278291955132921E9:0.6127185, 0.84443796, 0.9565386
sensor values: 1.278291955133921E9:0.70555896, 0.7682497, 0.49505955
sensor values: 1.2782919551349208E9:0.47280574, 0.031015456, 0.7136081
sensor values: 1.2782919551359208E9:0.7832275, 0.31454986, 0.5425078
sensor values: 1.2782919551369207E9:0.1891771, 0.8637307, 0.49715924
sensor values: 1.2782919551379206E9:0.7982144, 0.85712665, 0.33686817
sensor values: 1.2782919551389205E9:0.016245067, 0.2113359, 0.43991667
sensor values: 1.2782919551399205E9:0.2964918, 0.20857865, 0.12171692
sensor values: 1.2782919551409204E9:0.66326797, 0.09739381, 0.48579794
sensor values: 1.2782919551419203E9:0.01338762, 0.8474616, 0.84433836
sensor values: 1.2782919551429203E9:0.8326287, 0.5088606, 0.649539
sensor values: 1.2782919551439202E9:0.2775275, 0.92479527, 0.95464617
sensor values: 1.27829195514492E9:0.49592084, 0.09813082, 0.18113321
sensor values: 1.27829195514592E9:0.3690868, 0.38377494, 0.2186727
sensor values: 1.27829195514692E9:0.0011140704, 0.23079985, 0.0219028
sensor values: 1.27829195514792E9:0.07816696, 0.78761053, 0.41191846
sensor values: 1.2782919551489198E9:0.35786015, 0.18813652, 0.75297576
sensor values: 1.2782919551499197E9:0.513724, 0.85549116, 0.8959111
sensor values: 1.2782919551509197E9:0.5451942, 0.8425837, 0.9821662
sensor values: 1.2782919551519196E9:0.90433496, 0.20393431, 0.31138164



------------


20, 1000, 0.693
